-- phpMyAdmin SQL Dump
-- version 4.1.14
-- http://www.phpmyadmin.net
--
-- Host: 127.0.0.1
-- Generation Time: 2015-05-16 19:59:00
-- 服务器版本： 5.6.17
-- PHP Version: 5.5.12

SET SQL_MODE = "NO_AUTO_VALUE_ON_ZERO";
SET time_zone = "+00:00";


/*!40101 SET @OLD_CHARACTER_SET_CLIENT=@@CHARACTER_SET_CLIENT */;
/*!40101 SET @OLD_CHARACTER_SET_RESULTS=@@CHARACTER_SET_RESULTS */;
/*!40101 SET @OLD_COLLATION_CONNECTION=@@COLLATION_CONNECTION */;
/*!40101 SET NAMES utf8 */;

--
-- Database: `newbook`
--

-- --------------------------------------------------------

--
-- 表的结构 `admin`
--

CREATE TABLE IF NOT EXISTS `admin` (
  `admin_id` int(3) NOT NULL AUTO_INCREMENT COMMENT '管理员id',
  `name` varchar(30) COLLATE utf8_unicode_ci NOT NULL COMMENT '管理员名字',
  `pass` varchar(18) COLLATE utf8_unicode_ci NOT NULL COMMENT '管理员密码',
  `degree` varchar(6) COLLATE utf8_unicode_ci NOT NULL DEFAULT 'normal' COMMENT '管理员等级',
  PRIMARY KEY (`admin_id`),
  KEY `name` (`name`)
) ENGINE=MyISAM  DEFAULT CHARSET=utf8 COLLATE=utf8_unicode_ci COMMENT='管理员信息表' AUTO_INCREMENT=6 ;

--
-- 转存表中的数据 `admin`
--

INSERT INTO `admin` (`admin_id`, `name`, `pass`, `degree`) VALUES
(1, 'admin', 'ysw_dxsfzwljyzx', 'super'),
(3, 'test123', '098f6bcd4621d373ca', 'normal'),
(4, 'cjp', 'ysw123123', 'drift'),
(5, 'cxp', 'ysw123123', 'donate');

-- --------------------------------------------------------

--
-- 表的结构 `bookdiscussion`
--

CREATE TABLE IF NOT EXISTS `bookdiscussion` (
  `dis_id` int(4) NOT NULL AUTO_INCREMENT COMMENT '评论id',
  `deal_id` int(4) NOT NULL COMMENT '交易id',
  `user_id` int(5) NOT NULL COMMENT '评论用户id',
  `content` text COLLATE utf8_unicode_ci NOT NULL COMMENT '评论内容',
  `time` datetime NOT NULL COMMENT '评论时间',
  PRIMARY KEY (`dis_id`)
) ENGINE=MyISAM DEFAULT CHARSET=utf8 COLLATE=utf8_unicode_ci COMMENT='书籍评论表' AUTO_INCREMENT=1 ;

-- --------------------------------------------------------

--
-- 表的结构 `bookinfo`
--

CREATE TABLE IF NOT EXISTS `bookinfo` (
  `book_id` int(4) NOT NULL AUTO_INCREMENT COMMENT '书籍编号',
  `book_name` varchar(30) COLLATE utf8_unicode_ci NOT NULL COMMENT '书名',
  `publish` varchar(30) COLLATE utf8_unicode_ci NOT NULL COMMENT '出版社',
  `author` varchar(12) COLLATE utf8_unicode_ci NOT NULL DEFAULT '乔布斯' COMMENT '作者',
  `infor` varchar(200) COLLATE utf8_unicode_ci NOT NULL COMMENT '信息',
  `degree` int(4) NOT NULL DEFAULT '5' COMMENT '新旧程度',
  `photo_path` varchar(30) COLLATE utf8_unicode_ci NOT NULL DEFAULT '/photo/book/default.jpg' COMMENT '图片路径',
  `former_price` char(6) COLLATE utf8_unicode_ci NOT NULL COMMENT '原价',
  `now_price` char(6) COLLATE utf8_unicode_ci NOT NULL COMMENT '现价',
  `book_col` int(2) NOT NULL COMMENT '使用学院',
  `book_category` int(2) NOT NULL,
  PRIMARY KEY (`book_id`)
) ENGINE=MyISAM  DEFAULT CHARSET=utf8 COLLATE=utf8_unicode_ci AUTO_INCREMENT=425 ;

--
-- 转存表中的数据 `bookinfo`
--

INSERT INTO `bookinfo` (`book_id`, `book_name`, `publish`, `author`, `infor`, `degree`, `photo_path`, `former_price`, `now_price`, `book_col`, `book_category`) VALUES
(8, '理论力学', '高等教育出版社', 'Steven', '''这是土木学院或者机械学院必修课程所需要的书籍，专业基础课哦！''', 5, '/photo/book/thumb/8.jpg', '40', '3', 1, 0),
(9, '思想道德修养与法律基础', '高等教育出版社', 'Steven', '''大一必修课，新生必备书。''', 5, '/photo/book/thumb/9.jpg', '15.5', '1.0', 1, 0),
(10, '思想道德修养与法律基础', '高等教育出版社', 'Steven', '''大一必修课，新生必备书籍。''', 5, '/photo/book/thumb/10.jpg', '15.5', '2.0', 1, 0),
(7, '思想道德修养与法律基础', '高等教育出版社', 'Steven', '''好书，一定要买一本''', 5, '/photo/book/thumb/7.jpg', '10', '9.9', 1, 0),
(13, '现代保险学教程', '高等教育出版社', 'Steven', '''这本书是经济学院等一些偏文科专业大二的必修课程哦！现在买该书实惠，还送杂志一本哦，还送该课程教学课件哦！价格实惠，欲购从速哈！赶快联系我哟！价格神马的还可以再协商哈！''', 5, '/photo/book/thumb/13.jpeg', '37.20', '5.0', 14, 0),
(14, '杂志', '杂志社', 'Steven', '''《大学生》杂志+《中国青年》杂志，各两本哦，全新的，内容生动，欢迎买书哦！期数可以任君挑选哦！''', 5, '/photo/book/thumb/14.jpeg', '  20', '4', 1, 0),
(16, '正版银魂漫画', '中国美术出版社', 'Steven', '''正版大陆银魂第六卷《有些东西不是刀能斩断的》、第八卷《把你女儿的男朋友先揍一顿再说》、第十二卷《欲速则不达》，单本4元，三本10元。挥泪割爱！~''', 5, '/photo/book/thumb/16.jpg', '9.8', '4', 1, 0),
(17, '新编经济法', '立信会计出版社', 'Steven', '''经济法必备''', 5, '/photo/book/thumb/17.jpg', '26', '6', 1, 0),
(21, '大学军事', '中国社会科学出版社', 'Steven', '''大多数专业必备''', 5, '/photo/book/thumb/21.jpg', '21', '6', 1, 0),
(24, '会计从业资格证专用书', '财经出版社', 'Steven', '''会计从业资格证考试专用书，会计基础+财经法规+会计从业考试习题集，每本原价18元，现价9元；会计电算化（用友T3会计信息化专版），原价28元，现价18元；可每本单买，若全部买可优惠更多，只要38元！Call me!''', 5, '/photo/book/thumb/24.jpg', '18', '9', 1, 0),
(19, '大学计算机基础', '上海交通大学', 'Steven', '''学计算机基础和公选课必备''', 5, '/photo/book/thumb/19.jpg', '29.80', '8', 1, 0),
(25, '计算机基础', '上海交通大学', 'Steven', '''有了它，计算机基础更容易''', 5, '/photo/book/thumb/25.jpg', '12', '5', 1, 0),
(27, '工程制图基础', '中国科技大学', 'Steven', '''有了它让工图更容易''', 5, '/photo/book/thumb/27.jpg', '12', '5', 1, 0),
(28, '大学军事', '中国社会科学出版社', 'Steven', '''了解国家军事，做新世纪青年''', 5, '/photo/book/thumb/28.jpg', '12', '5', 1, 0),
(29, '无机化学实验', '合肥工业大学出版社', 'Steven', '''无机化学实验的荟萃精华''', 5, '/photo/book/thumb/29.jpg', '10', '2', 1, 0),
(30, '市场营销导论', '华夏出版社', 'Steven', '''经济学院市场营销学必须课哦！好书一本，就算不是本专业的读这本书对自己有很大的启发哦！''', 5, '/photo/book/thumb/30.jpeg', '25', '10', 1, 0),
(37, '国际贸易', '对外经济贸易大学出版社', 'Steven', '''贸易专业老师上课指定用书，也适用于外语学院国际贸易专业哦！上课笔记齐备，由校级一等奖学金获得者做的笔记，重点都全部标记哦！另外附送课件！机不可失哦！''', 5, '/photo/book/thumb/37.jpeg', '42', '20', 14, 0),
(33, '大学生', '大学生杂志社', 'Steven', '''书很新，很好看的''', 5, '/photo/book/thumb/33.jpg', '8', '2', 1, 0),
(34, '普通物理学1', '高等教育出版社', 'Steven', '''将大物研究到底''', 5, '/photo/book/thumb/34.jpg', '17.3', '3', 1, 0),
(36, '大学英语通用词汇手册', '江苏教育出版社', 'Steven', '''要考四六级的同学都可以来买~''', 5, '/photo/book/thumb/36.jpg', '40', '8', 13, 0),
(38, '初级日语教程', '培训机构自编', 'Steven', '''0基础的日语教材''', 5, '/photo/book/thumb/38.jpg', '39', '30', 13, 0),
(39, '工程力学', '合肥工业大学出版社', 'Steven', ''' 工程力学 4学分  工大卞步喜编写  他上课明确指出：他在书中解题的方法目前别人都没想出来。。。  却是也是  ''', 5, '/photo/book/thumb/39.jpg', '28.00', '10', 1, 0),
(40, '发展经济学教程', '经济科学出版社', 'Steven', '''经济学院教师指定用书，另附送发展经济学课件哦！机不可失哈！价格可以面议哦！有意向者请电话联系我哈！''', 5, '/photo/book/thumb/40.jpeg', '38', '18', 14, 0),
(41, '财务管理学', '中国人民大学出版社', 'Steven', '''财务管理学是每年挂科率最高的科目之一哦！这里有奖学金获得者收集的上课笔记哦！很好的一本书哦！价格可以面议哈！有意向的赶快电话联系我把！''', 5, '/photo/book/thumb/41.jpeg', '33', '15', 1, 0),
(46, '大学军事', '中国社会科学出版社', 'Steven', '''了解国家军事，做新世纪青年''', 5, '/photo/book/thumb/46.png', '12', '5', 1, 0),
(45, '高等数学', '中国电力出版社', 'Steven', '''新生必备书籍，便宜出售啦。''', 5, '/photo/book/thumb/45.jpg', '49.00', '7.00', 1, 0),
(44, '大学计算机基础', '上海交通大学', 'Steven', '''有了它让计算机基础更容易''', 5, '/photo/book/thumb/44.png', '12', '5', 1, 0),
(47, 'c语言程序设计', '高等教育出版社', 'Steven', '''大一下必修课。''', 5, '/photo/book/thumb/47.jpg', '32.0', '7.0', 1, 0),
(48, '工程制图基础', '中国科技大学', 'Steven', '''有了它让工图更容易''', 5, '/photo/book/thumb/48.png', '26', '5', 1, 0),
(49, '普通物理学01', '高等教育出版社', 'Steven', '''大一下必修。''', 5, '/photo/book/thumb/49.jpg', '17.3', '1.5', 1, 0),
(50, '无机化学实验', '合肥工业大学', 'Steven', '''无机化学实验的荟萃精华''', 5, '/photo/book/thumb/50.png', '10', '3', 1, 0),
(51, '普通物理学1', '高等教育出版社', 'Steven', '''将大物进行到底''', 5, '/photo/book/thumb/51.png', '17.3', '3', 1, 0),
(53, '马克思主义基本原理概论', '高等教育出版社', 'Steven', '''必修的书哦！亲''', 5, '/photo/book/thumb/53.PNG', '14.40', '4', 1, 0),
(56, '马克思主义基本原理概论', '高等教育出版社', 'Steven', '''好书''', 5, '/photo/book/thumb/56.png', '20', '15', 1, 0),
(55, '思想道德修养与法律基础', '高等教育出版社', 'Steven', '''好书''', 5, '/photo/book/thumb/55.png', '20', '15', 1, 0),
(57, '毛泽东思想和中国特色社会主义理论体系概论', '高等教育出版社', 'Steven', '''好书''', 5, '/photo/book/thumb/57.png', '20', '15', 1, 0),
(65, '金工实习', '合肥工业大学', 'Steven', '''再酱油的课考试也需要课本的''', 5, '/photo/book/thumb/65.jpg', '21', '2', 1, 0),
(62, '大学物理实验', '中国科学技术大学出版社', 'Steven', '''附送实验报告及数据   千辛万苦得到的结果啊''', 5, '/photo/book/thumb/62.jpg', '25', '4', 1, 0),
(66, '高等数学上', '中国电力出版社', 'Steven', '''九成新高数，表示高数一直是酱油党，所以需要笔记啥的亲们请慎重''', 5, '/photo/book/thumb/66.jpg', '49', '15', 1, 0),
(67, '高等数学下', '中国电力出版社', 'Steven', '''同上册，大一下学期睡得不像话。。书崭新''', 5, '/photo/book/thumb/67.jpg', '49', '15', 1, 0),
(68, '汽车概论', '重庆大学出版社', 'Steven', '''工业设计必修教材，应该机汽的可能用到，考点笔记啊亲。。。学姐都过了你们能不过嘛''', 5, '/photo/book/thumb/68.jpg', '18', '3', 11, 0),
(69, '发展经济学教程', '经济科学出版社', 'Steven', '''有学妹要这本书吗。。面谈可以考虑免单，还可包邮哦！！！''', 5, '/photo/book/thumb/69.jpg', '38', '5', 14, 0),
(70, '普通物理学', '高等教育出版社', 'Steven', '''1至3本都有，今年开学学校书店刚买的。大物等级C及以上都可用。书中有少许笔记，但没有署名。''', 5, '/photo/book/thumb/70.JPG', '65.3', '24', 1, 0),
(71, '西方经济学', '中国人名大学出版社', 'Steven', '''拥有好书，你才能拥有好成绩！！''', 5, '/photo/book/thumb/71.jpg', '20', '10', 20, 0),
(72, '漫友2013第4期', '漫友文化', 'Steven', '''2013.2月下，收录艳势番、偃师、龙录、天使图书馆、十五二十等连载国漫。只翻过2次的新书（算新的吧）''', 5, '/photo/book/thumb/72.JPG', '15', '5', 1, 0),
(73, '西方经济学微观部分', '中国人名大学出版社', 'Steven', '''只有拥有好书，才能拥有好成绩！！''', 5, '/photo/book/thumb/73.jpg', '20', '10', 20, 0),
(74, '西方经济学宏观部分', '中国人名大学出版社', 'Steven', '''只有拥有好书，才能拥有好成绩！！''', 5, '/photo/book/thumb/74.jpg', '20', '20', 20, 0),
(75, '思想道德修养与法律基础', '高等教育出版社', 'Steven', '''附赠2份复习题~''', 5, '/photo/book/thumb/75.JPG', '15.5', '5', 1, 0),
(76, '思想道德修养与法律基础', '高等教育出版社', 'Steven', '''附赠2份复习题~''', 5, '/photo/book/thumb/76.JPG', '15.5', '5', 1, 0),
(77, '大学英语精读第一册', '上海外语教育出版社', 'Steven', '''真的很重要哦！！''', 5, '/photo/book/thumb/77.jpg', '20', '10', 1, 0),
(78, '大学英语精读第三册', '上海外语教育出版社', 'Steven', '''真的很重要哦！！''', 5, '/photo/book/thumb/78.jpg', '20', '10', 1, 0),
(79, '西方经济学宏观部分', '中国人名大学出版社', 'Steven', '''只有拥有好书，才能拥有好成绩！！''', 5, '/photo/book/thumb/79.jpg', '20', '10', 20, 0),
(80, '毛概', '高等教育出版社', 'Steven', '''必修的哦！亲！''', 5, '/photo/book/thumb/80.PNG', '17.20', '5', 1, 0),
(81, '大学物理', '高等教育出版社', 'Steven', '''大学物理，除文科专业外的必修课！基本每个专业都需要，要的联系我吧！！！''', 5, '/photo/book/thumb/81.jpg', '40', '5', 1, 0),
(82, '大学军事教程', '中国科学技术出版社', 'Steven', '''大家快来买，大甩卖。。。''', 5, '/photo/book/thumb/82.jpg', '22.0', '3', 1, 0),
(83, '基础物理教程', '中国科学技术大学出版社', 'Steven', '''够便宜。。。。。''', 5, '/photo/book/thumb/83.jpg', '32', '5', 1, 0),
(84, 'Java面向对象程序设计', '清华大学出版社', 'Steven', '''够划算。。。。''', 5, '/photo/book/thumb/84.jpg', '34', '15', 20, 0),
(85, '西方经济学', '中国人民大学出版社', 'Steven', '''非常新！笔记全！重点全是江直树给你划出来的！''', 5, '/photo/book/thumb/85.jpg', '30', '8', 20, 0),
(86, '工程制图', '中国科学技术大学', 'Steven', '''比较旧，但是笔记还是很全的~大一必修！''', 5, '/photo/book/thumb/86.jpg', '26', '6', 20, 0),
(94, '大学英语精读第一册', '上海外语教育出版社', 'Steven', '''英语上课用书。''', 5, '/photo/book/thumb/94.jpg', '40', '5', 1, 0),
(89, '工程制图', '中国科学技术大学', 'Steven', '''大一必修''', 5, '/photo/book/thumb/89.jpg', '26', '6', 20, 0),
(93, '企业管理决策模拟', '化学工业出版社', 'Steven', '''企模大赛学习专用书 全新的 无刮痕 无折痕''', 5, '/photo/book/thumb/93.jpg', '29.80', '15', 20, 0),
(96, '大学英语精读第二册', '上海外语教育出版社', 'Steven', '''书写痕迹少，比较新''', 5, '/photo/book/thumb/96.jpg', '40', '5', 1, 0),
(98, '大学军事教程', '中国科学技术出版社', 'Steven', '''好书，不仅上课必备，还能增加知识''', 5, '/photo/book/thumb/98.jpg', '22', '10', 1, 0),
(101, '小说选刊', '中国作家出版集团', 'Steven', '''一篇好的小说可以影响一生，这本有好多篇''', 5, '/photo/book/thumb/101.jpg', '10', '4', 1, 0),
(100, '手绘表现技法教程 ', '天津大学出版社', 'Steven', '''工业设计手绘书''', 5, '/photo/book/thumb/100.jpg', '68', '10', 11, 0),
(104, '大学军事教程', '中国科学技术出版社', 'Steven', '''开卷考试用的到的。。。''', 5, '/photo/book/thumb/104.png', '22', '5', 1, 0),
(103, '3dsMax+Vray', '人民邮电出版社', 'Steven', '''室内效果图制作书籍''', 5, '/photo/book/thumb/103.jpg', '88', '15', 11, 0),
(105, '大学计算机基础实践教程', '上海交通大学出版社', 'Steven', '''计算机高手必备''', 5, '/photo/book/thumb/105.jpg', '22', '5', 1, 0),
(106, '大学生', '大学生北京日报报业集团', 'Steven', '''杂志一本''', 5, '/photo/book/thumb/106.jpg', '6', '1', 1, 0),
(108, '热力学统计物理', '高等教育', 'Steven', '''0''', 5, '/photo/book/thumb/108.jpg', '28.1', '5', 15, 0),
(109, '基础物理实验', '中科大', 'Steven', '''0''', 5, '/photo/book/thumb/109.jpg', '32', '4', 15, 0),
(110, '数字电子技术基础', '高教', 'Steven', ''' 啊''', 5, '/photo/book/thumb/110.jpg', '55', '10', 15, 0),
(111, '毛概', '高教', 'Steven', '''啊''', 5, '/photo/book/thumb/111.jpg', '23', '3', 15, 0),
(112, '电磁场与电磁波', '合工大', 'Steven', '''啊''', 5, '/photo/book/thumb/112.jpg', '28', '4', 15, 0),
(113, '微型计算机技术及应用', '清华', 'Steven', '''啊''', 5, '/photo/book/thumb/113.jpg', '39.8', '8', 15, 0),
(114, '高等数学，上下两本', '中国电力出版社', 'Steven', '''啊''', 5, '/photo/book/thumb/114.jpg', '49', '10', 15, 0),
(115, '数学物理方法', '高教', 'Steven', '''啊''', 5, '/photo/book/thumb/115.jpg', '33.6', '5', 15, 0),
(116, '电工与电子技术实验', '机械工业', 'Steven', '''啊''', 5, '/photo/book/thumb/116.jpg', '16', '2', 15, 0),
(117, '线性代数加同步辅导', '合工大', 'Steven', '''啊''', 5, '/photo/book/thumb/117.jpg', '17', '4', 1, 0),
(118, '概率论加同步辅导', '合工大', 'Steven', '''啊''', 5, '/photo/book/thumb/118.jpg', '20', '4', 1, 0),
(121, '高等数学 下册', '中国电力出版社', 'Steven', '''来啊，来啊''', 5, '/photo/book/thumb/121.jpg', '40', '3', 1, 0),
(120, '大学英语  精读 ', '上海外语教育出版社', 'Steven', '''便宜哟，亲''', 5, '/photo/book/thumb/120.jpg', '35', '2', 1, 0),
(122, '大学英语  精读  第二册', '上海外语教育出版社', 'Steven', '''好啊''', 5, '/photo/book/thumb/122.jpg', '35', '2', 1, 0),
(125, '民法学', '中国人民大学出版社', 'Steven', ''' 普通高等教育“十一五”国家级规划教材,教育部全国普通高等学校优秀教材(一等奖)''', 5, '/photo/book/thumb/125.JPG', '58', '18', 16, 0),
(126, '大学数学', '西安交通大学出版社', 'Steven', '''人文、社科、外语、体育等专业拥有此书，绝对不挂科！！！''', 5, '/photo/book/thumb/126.JPG', '16', '5', 16, 0),
(127, '经济法学', '法律出版社', 'Steven', '''内容和体系完整，适用于法学专业和政治类、经济管理类等专业的本科生、研究生。''', 5, '/photo/book/thumb/127.JPG', '48', '15', 16, 0),
(128, '民法学', '中国人民出版社', 'Steven', '''普通高等教育“十一五”国家级规划教材,教育部全国普通高等学校优秀教材(一等奖)''', 5, '/photo/book/thumb/128.JPG', '58', '18', 16, 0),
(129, '经济法学', '法律出版社', 'Steven', '''体系和内容完整，适用于法学专业、政治类、经济管理类等专业的本科生和研究生''', 5, '/photo/book/thumb/129.JPG', '48', '15', 16, 0),
(130, '大学数学', '西安交通大学出版社', 'Steven', '''人文、社科、外语、体育等专业拥有此书绝对不挂科！！！''', 5, '/photo/book/thumb/130.JPG', '16', '5', 16, 0),
(131, '大学英语精读第1册', '上海外语教育', 'Steven', '''大一的英语必修书，不再描述了''', 5, '/photo/book/thumb/131.jpg', '29.9', '1', 1, 0),
(132, '大学英语精读第2册', '上海外语教育', 'Steven', '''必用书，不描述''', 5, '/photo/book/thumb/132.jpg', '30', '1', 1, 0),
(135, '毛概', '高教', 'Steven', '''全校需用''', 5, '/photo/book/thumb/135.jpg', '23', '3', 1, 0),
(136, '马克思主义原理', '高等教育出版社', 'Steven', '''全校使用''', 5, '/photo/book/thumb/136.png', '20', '3', 1, 0),
(137, '思修', '高等教育出版社', 'Steven', '''全校必修''', 5, '/photo/book/thumb/137.png', '20', '5', 1, 0),
(138, '高等数学同步辅导', '上海交通大学', 'Steven', '''很新，除了部分做过的习题部分''', 5, '/photo/book/thumb/138.jpg', '37', '18', 1, 0),
(140, '高等数学上、下册', '中国电力出版社', 'Steven', '''高数很高深的说，需要一本好书，这就是！！！''', 5, '/photo/book/thumb/140.jpg', '49', '20', 1, 0),
(141, '细节决定成败', '某某出版社', 'Steven', '''卡耐基的成功学的宝书哦！''', 5, '/photo/book/thumb/141.jpg', '29.89', '10', 1, 0),
(142, '普通物理学123', '高等教育出版社', 'Steven', '''物理的，必修的！''', 5, '/photo/book/thumb/142.jpg', '999', '8', 1, 0),
(143, '普通物理学123', '高等教育出版社', 'Steven', '''物理的，必修的！''', 5, '/photo/book/thumb/143.jpg', '999', '8', 1, 0),
(144, '小故事大道理', '某某出版社', 'Steven', '''闲着无聊时看到好书！''', 5, '/photo/book/thumb/144.jpg', '999', '6', 1, 0),
(145, '方与圆', '某某出版社', 'Steven', '''还是无聊时看的书''', 5, '/photo/book/thumb/145.jpg', '999', '6', 1, 0),
(146, '一分钟社交成功术', '某某出版社', 'Steven', '''还是还是无聊时看的书！''', 5, '/photo/book/thumb/146.jpg', '999', '6', 1, 0),
(147, '银行从业 个人理财 公共基础 教材加题库', '中国金融出版社', 'Steven', '''考银行从业的同学可以考虑 2013年版''', 5, '/photo/book/thumb/147.jpg', '60', '30', 1, 0),
(149, '控制工程基础', '清华大学出版社', 'Steven', '''是我们大三上学期学的，买的新的盗版书，里面挺干净的，没有怎么写东西，不缺页，有两本，需要的联系我''', 5, '/photo/book/thumb/149.jpg', '39', '5', 6, 0),
(150, 'C/C++程序设计', '高等教育出版社', 'Steven', '''书籍是第二版的''', 5, '/photo/book/thumb/150.jpg', '32', '5', 1, 0),
(151, '金属切削原理与刀具', '机械工业出版社', 'Steven', '''大三上学期学的，没有缺页少页''', 5, '/photo/book/thumb/151.jpg', '28', '5', 6, 0),
(152, '机械工程测试与技术基础', '机械工业出版社', 'Steven', '''主编是熊诗波  黄长艺''', 5, '/photo/book/thumb/152.jpg', '26', '5', 6, 0),
(153, '傲慢和偏见', '译林出版社', 'Steven', '''还没有看完，实在看不下去了，卖了吧''', 5, '/photo/book/thumb/153.jpg', '15', '5', 1, 0),
(154, '机械原理', '高等教育出版社', 'Steven', '''主编：郑文纬 吴克坚''', 5, '/photo/book/thumb/154.jpg', '23.5', '5', 6, 0),
(155, '毛泽东思想与中国特色社会主义理论体系', '高等教育出版社', 'Steven', '''没有缺页少页''', 5, '/photo/book/thumb/155.jpg', '23', '5', 1, 0),
(156, '材料成形技术基础', '机械工业出版社', 'Steven', '''主编：陶治''', 5, '/photo/book/thumb/156.jpg', '21', '5', 6, 0),
(157, '机械原理', '合肥工业大学出版社', 'Steven', '''机械专业基础专业课''', 5, '/photo/book/thumb/157.jpg', '28', '5', 6, 0),
(158, '液压与气压传动', '合肥工业大学出版社', 'Steven', '''主编:曽亿山''', 5, '/photo/book/thumb/158.jpg', '46', '5', 6, 0),
(159, '流体力学', '合肥工业大学出版社', 'Steven', '''主编：曽亿山  郭永存''', 5, '/photo/book/thumb/159.jpg', '22', '5', 6, 0),
(161, '新时代交互英语4', '清华大学出版社', 'Steven', '''这本书我还没用，激活码有效，需要可以联系我，总比其他地方便宜。注：本人在南区，新区的可过来取，或我有空让人顺带过去。''', 5, '/photo/book/thumb/161.PNG', '64.8', '8', 1, 0),
(162, '几何量公差与检测习题试题集', '上海科学技术出版社', 'Steven', '''这本书买来一直没动过，扔了可惜，认识的人又不需要，有需要的可以联系我。''', 5, '/photo/book/thumb/162.PNG', '12', '5', 1, 0),
(163, '新时代交互英语4', '清华大学出版社', 'Steven', '''这本书还没用，激活码有效，扔了可惜，有需要的可以联系我，总比买新书便宜''', 5, '/photo/book/thumb/163.PNG', '64.8', '8', 1, 0),
(165, '思修', '高等教育出版社', 'Steven', '''还有几百本。学生资助服务中心萄萄书吧是学生勤工助学的地方，学生自己的书吧，平均价格绝对比校外优惠。地点：一食堂对面，学生资助服务中心大厅内。萄萄书吧欢迎您的光临！''', 5, '/photo/book/thumb/165.jpg', '13', '3', 1, 0),
(166, '毛概', '高等教育出版社', 'Steven', '''还有很多！学生资助服务中心萄萄书吧是学生勤工助学的地方，学生自己的书吧，平均价格绝对比校外优惠。地点：一食堂对面，学生资助服务中心大厅内。萄萄书吧欢迎您的光临！''', 5, '/photo/book/thumb/166.jpg', '17.6', '4', 1, 0),
(167, '工程材料', '武汉理工大学出版社', 'Steven', '''学生资助服务中心萄萄书吧是学生勤工助学的地方，学生自己的书吧，平均价格绝对比校外优惠。地点：一食堂对面，学生资助服务中心大厅内。萄萄书吧欢迎您的光临！''', 5, '/photo/book/thumb/167.jpg', '22', '7', 1, 0),
(168, '大学化学', '科学出版社', 'Steven', '''学生资助服务中心萄萄书吧是学生勤工助学的地方，学生自己的书吧，平均价格绝对比校外优惠。地点：一食堂对面，学生资助服务中心大厅内。萄萄书吧欢迎您的光临！''', 5, '/photo/book/thumb/168.jpg', '26', '5', 1, 0),
(169, '大学化学', '科学出版社', 'Steven', '''学生资助服务中心萄萄书吧是学生勤工助学的地方，学生自己的书吧，平均价格绝对比校外优惠。地点：一食堂对面，学生资助服务中心大厅内。萄萄书吧欢迎您的光临！''', 5, '/photo/book/thumb/169.jpg', '26', '5', 1, 0),
(170, '大学化学', '科学出版社', 'Steven', '''学生资助服务中心萄萄书吧是学生勤工助学的地方，学生自己的书吧，平均价格绝对比校外优惠。地点：一食堂对面，学生资助服务中心大厅内。萄萄书吧欢迎您的光临！''', 5, '/photo/book/thumb/170.jpg', '26', '5', 1, 0),
(171, '大学化学', '科学出版社', 'Steven', '''学生资助服务中心萄萄书吧是学生勤工助学的地方，学生自己的书吧，平均价格绝对比校外优惠。地点：一食堂对面，学生资助服务中心大厅内。萄萄书吧欢迎您的光临！''', 5, '/photo/book/thumb/171.jpg', '26', '5', 1, 0),
(172, '大学化学', '科学出版社', 'Steven', '''学生资助服务中心萄萄书吧是学生勤工助学的地方，学生自己的书吧，平均价格绝对比校外优惠。地点：一食堂对面，学生资助服务中心大厅内。萄萄书吧欢迎您的光临！''', 5, '/photo/book/thumb/172.jpg', '26', '5', 1, 0),
(173, '大学化学', '科学出版社', 'Steven', '''学生资助服务中心萄萄书吧是学生勤工助学的地方，学生自己的书吧，平均价格绝对比校外优惠。地点：一食堂对面，学生资助服务中心大厅内。萄萄书吧欢迎您的光临！''', 5, '/photo/book/thumb/173.jpg', '26', '5', 1, 0),
(174, '大学化学', '科学出版社', 'Steven', '''学生资助服务中心萄萄书吧是学生勤工助学的地方，学生自己的书吧，平均价格绝对比校外优惠。地点：一食堂对面，学生资助服务中心大厅内。萄萄书吧欢迎您的光临！''', 5, '/photo/book/thumb/174.jpg', '26', '5', 1, 0),
(175, '大学化学', '科学出版社', 'Steven', '''学生资助服务中心萄萄书吧是学生勤工助学的地方，学生自己的书吧，平均价格绝对比校外优惠。地点：一食堂对面，学生资助服务中心大厅内。萄萄书吧欢迎您的光临！''', 5, '/photo/book/thumb/175.jpg', '26', '5', 1, 0),
(176, '大学化学', '科学出版社', 'Steven', '''学生资助服务中心萄萄书吧是学生勤工助学的地方，学生自己的书吧，平均价格绝对比校外优惠。地点：一食堂对面，学生资助服务中心大厅内。萄萄书吧欢迎您的光临！''', 5, '/photo/book/thumb/176.jpg', '26', '5', 1, 0),
(177, '大学化学', '科学出版社', 'Steven', '''学生资助服务中心萄萄书吧是学生勤工助学的地方，学生自己的书吧，平均价格绝对比校外优惠。地点：一食堂对面，学生资助服务中心大厅内。萄萄书吧欢迎您的光临！''', 5, '/photo/book/thumb/177.jpg', '26', '5', 1, 0),
(178, '电工学', '中国矿业大学出版社', 'Steven', '''同步辅导，电工技术，电子技术都有。学生资助服务中心萄萄书吧是学生勤工助学的地方，学生自己的书吧，平均价格绝对比校外优惠。地点：一食堂对面，学生资助服务中心大厅内。萄萄书吧欢迎您的光临！''', 5, '/photo/book/thumb/178.jpg', '20', '5.5', 1, 0),
(179, '电工学 第七版 电工技术 电子技术', '高等教书出版社', 'Steven', '''学生资助服务中心萄萄书吧是学生勤工助学的地方，学生自己的书吧，平均价格绝对比校外优惠。地点：一食堂对面，学生资助服务中心大厅内。萄萄书吧欢迎您的光临！''', 5, '/photo/book/thumb/179.jpg', '33.6', '10', 1, 0),
(180, '电工学 第七版 电工技术 电子技术', '高等教书出版社', 'Steven', '''学生资助服务中心萄萄书吧是学生勤工助学的地方，学生自己的书吧，平均价格绝对比校外优惠。地点：一食堂对面，学生资助服务中心大厅内。萄萄书吧欢迎您的光临！''', 5, '/photo/book/thumb/180.jpg', '33.6', '10', 1, 0),
(181, '电工学 第七版 电工技术 电子技术', '高等教书出版社', 'Steven', '''学生资助服务中心萄萄书吧是学生勤工助学的地方，学生自己的书吧，平均价格绝对比校外优惠。地点：一食堂对面，学生资助服务中心大厅内。萄萄书吧欢迎您的光临！''', 5, '/photo/book/thumb/181.jpg', '33.6', '10', 1, 0),
(182, '电工学 第七版 电工技术 电子技术', '高等教书出版社', 'Steven', '''学生资助服务中心萄萄书吧是学生勤工助学的地方，学生自己的书吧，平均价格绝对比校外优惠。地点：一食堂对面，学生资助服务中心大厅内。萄萄书吧欢迎您的光临！''', 5, '/photo/book/thumb/182.jpg', '33.6', '10', 1, 0),
(183, '高等数学同步辅导', '上海交通大学出版社', 'Steven', '''这本书买来还没怎么用，我只是看了前面的总结部分，例题都没做，有需要的可以联系我。''', 5, '/photo/book/thumb/183.jpg', '37', '5', 1, 0),
(184, '工程制图解题分析', '中国科学技术大学出版社', 'Steven', '''这本书买来就没怎么看，就是考前略微看了下，有需要的可以联系我。''', 5, '/photo/book/thumb/184.jpg', '26', '5', 1, 0),
(185, '测量学实验与实习', '测绘出版社', 'Steven', '''学生资助服务中心萄萄书吧是学生勤工助学的地方，学生自己的书吧，平均价格绝对比校外优惠。地点：一食堂对面，学生资助服务中心大厅内。萄萄书吧欢迎您的光临！''', 5, '/photo/book/thumb/185.jpg', '29.80', '10', 1, 0),
(186, '电工学简明教程第二版', '高等教育出版社', 'Steven', '''学生资助服务中心萄萄书吧是学生勤工助学的地方，学生自己的书吧，平均价格绝对比校外优惠。地点：一食堂对面，学生资助服务中心大厅内。萄萄书吧欢迎您的光临！''', 5, '/photo/book/thumb/186.jpg', '33.90', '10', 1, 0),
(187, '数据结构（c语言版）', '清华大学出版社', 'Steven', '''学生资助服务中心萄萄书吧是学生勤工助学的地方，学生自己的书吧，平均价格绝对比校外优惠。地点：一食堂对面，学生资助服务中心大厅内。萄萄书吧欢迎您的光临！''', 5, '/photo/book/thumb/187.jpg', '30', '5.5', 1, 0),
(188, '普通物理学第五版（1,2,3都有）', '高等教育出版社', 'Steven', '''学生资助服务中心萄萄书吧是学生勤工助学的地方，学生自己的书吧，平均价格绝对比校外优惠。地点：一食堂对面，学生资助服务中心大厅内。萄萄书吧欢迎您的光临！''', 5, '/photo/book/thumb/188.jpg', '20', '3', 1, 0),
(189, '高等数学同步辅导', '上海交通大学出版社', 'Steven', '''学生资助服务中心萄萄书吧是学生勤工助学的地方，学生自己的书吧，平均价格绝对比校外优惠。地点：一食堂对面，学生资助服务中心大厅内。萄萄书吧欢迎您的光临！''', 5, '/photo/book/thumb/189.jpg', '37', '10', 1, 0),
(190, '大学生计算机基础', '上海交通大学', 'Steven', '''学生资助服务中心萄萄书吧是学生勤工助学的地方，学生自己的书吧，平均价格绝对比校外优惠。地点：一食堂对面，学生资助服务中心大厅内。萄萄书吧欢迎您的光临！''', 5, '/photo/book/thumb/190.jpg', '29.8', '5', 1, 0),
(191, '机器人足球仿真', '合肥工业大学出版社', 'Steven', '''学生资助服务中心萄萄书吧是学生勤工助学的地方，学生自己的书吧，平均价格绝对比校外优惠。地点：一食堂对面，学生资助服务中心大厅内。萄萄书吧欢迎您的光临！''', 5, '/photo/book/thumb/191.jpg', '36', '9', 1, 0),
(192, '电工电子实验与仿真', '安徽人民出版社', 'Steven', '''学生资助服务中心萄萄书吧是学生勤工助学的地方，学生自己的书吧，平均价格绝对比校外优惠。地点：一食堂对面，学生资助服务中心大厅内。萄萄书吧欢迎您的光临！''', 5, '/photo/book/thumb/192.jpg', '35', '10', 1, 0),
(193, '普通物理学第六版上下册', '高等教育出版社', 'Steven', '''学生资助服务中心萄萄书吧是学生勤工助学的地方，学生自己的书吧，平均价格绝对比校外优惠。地点：一食堂对面，学生资助服务中心大厅内。萄萄书吧欢迎您的光临！''', 5, '/photo/book/thumb/193.jpg', '42.9', '8', 1, 0),
(194, '基础物理实验（新版老板）', '中国科技大学出版社', 'Steven', '''学生资助服务中心萄萄书吧是学生勤工助学的地方，学生自己的书吧，平均价格绝对比校外优惠。地点：一食堂对面，学生资助服务中心大厅内。萄萄书吧欢迎您的光临！''', 5, '/photo/book/thumb/194.jpg', '32', '7', 1, 0),
(195, '工程数学同步辅导（现代和概率论都有）', '上海交通大学出版社', 'Steven', '''学生资助服务中心萄萄书吧是学生勤工助学的地方，学生自己的书吧，平均价格绝对比校外优惠。地点：一食堂对面，学生资助服务中心大厅内。萄萄书吧欢迎您的光临！''', 5, '/photo/book/thumb/195.jpg', '27', '3', 1, 0),
(196, '大学物理实验', '中国科学技术大学出版社', 'Steven', '''学生资助服务中心萄萄书吧是学生勤工助学的地方，学生自己的书吧，平均价格绝对比校外优惠。地点：一食堂对面，学生资助服务中心大厅内。萄萄书吧欢迎您的光临！''', 5, '/photo/book/thumb/196.jpg', '25', '6', 1, 0),
(197, '工程训练非机械类', '机械工业出版社', 'Steven', '''学生资助服务中心萄萄书吧是学生勤工助学的地方，学生自己的书吧，平均价格绝对比校外优惠。地点：一食堂对面，学生资助服务中心大厅内。萄萄书吧欢迎您的光临！''', 5, '/photo/book/thumb/197.jpg', '18', '3', 1, 0),
(198, '工程力学（静力学与材料力学）', '高等教育出版社', 'Steven', '''学生资助服务中心萄萄书吧是学生勤工助学的地方，学生自己的书吧，平均价格绝对比校外优惠。地点：一食堂对面，学生资助服务中心大厅内。萄萄书吧欢迎您的光临！''', 5, '/photo/book/thumb/198.jpg', '28.6', '9', 1, 0),
(199, '工程力学（静力学与材料力学）', '高等教育出版社', 'Steven', '''学生资助服务中心萄萄书吧是学生勤工助学的地方，学生自己的书吧，平均价格绝对比校外优惠。地点：一食堂对面，学生资助服务中心大厅内。萄萄书吧欢迎您的光临！''', 5, '/photo/book/thumb/199.jpg', '28.6', '9', 1, 0),
(200, '工程力学（静力学与材料力学）', '高等教育出版社', 'Steven', '''学生资助服务中心萄萄书吧是学生勤工助学的地方，学生自己的书吧，平均价格绝对比校外优惠。地点：一食堂对面，学生资助服务中心大厅内。萄萄书吧欢迎您的光临！''', 5, '/photo/book/thumb/200.jpg', '28.6', '9', 1, 0),
(201, '管理学——原理与方法', '复旦大学出版社', 'Steven', '''全新考研用书，超级划算，价格还可以面议''', 5, '/photo/book/thumb/201.jpg', '22.9', '15', 20, 0),
(202, '管理学——原理与方法  笔记和课后习题', '中国石化出版社', 'Steven', '''全新考研专用书，含考研真题，价格有待商讨''', 5, '/photo/book/thumb/202.jpg', '30.6', '20', 20, 0),
(203, '运筹学（第三版）', '清华大学', 'Steven', '''超好全新考研用书''', 5, '/photo/book/thumb/203.jpg', '39', '20', 1, 0),
(204, '运筹学习题集', '清华大学', 'Steven', '''超好全新考研用书''', 5, '/photo/book/thumb/204.jpg', '33', '16', 1, 0),
(205, '管理学——原理与方法', '复旦大学出版社', 'Steven', '''超划算的考研用书''', 5, '/photo/book/thumb/205.jpg', '32', '15', 20, 0),
(206, '新视窗大学英语口语教程', '外语教学与研究出版社', 'Steven', '''学生资助服务中心萄萄书吧是学生勤工助学的地方，学生自己的书吧，平均价格绝对比校外优惠。地点：一食堂对面，学生资助服务中心大厅内。萄萄书吧欢迎您的光临！''', 5, '/photo/book/thumb/206.jpg', '22', '3', 1, 0),
(207, '新视窗大学英语口语教程', '外语教学与研究出版社', 'Steven', '''学生资助服务中心萄萄书吧是学生勤工助学的地方，学生自己的书吧，平均价格绝对比校外优惠。地点：一食堂对面，学生资助服务中心大厅内。萄萄书吧欢迎您的光临！''', 5, '/photo/book/thumb/207.jpg', '22', '3', 1, 0),
(208, '新视窗大学英语口语教程', '外语教学与研究出版社', 'Steven', '''学生资助服务中心萄萄书吧是学生勤工助学的地方，学生自己的书吧，平均价格绝对比校外优惠。地点：一食堂对面，学生资助服务中心大厅内。萄萄书吧欢迎您的光临！''', 5, '/photo/book/thumb/208.jpg', '22', '3', 1, 0),
(209, '新视窗大学英语口语教程', '外语教学与研究出版社', 'Steven', '''学生资助服务中心萄萄书吧是学生勤工助学的地方，学生自己的书吧，平均价格绝对比校外优惠。地点：一食堂对面，学生资助服务中心大厅内。萄萄书吧欢迎您的光临！''', 5, '/photo/book/thumb/209.jpg', '22', '3', 1, 0),
(210, '新视窗大学英语口语教程', '外语教学与研究出版社', 'Steven', '''学生资助服务中心萄萄书吧是学生勤工助学的地方，学生自己的书吧，平均价格绝对比校外优惠。地点：一食堂对面，学生资助服务中心大厅内。萄萄书吧欢迎您的光临！''', 5, '/photo/book/thumb/210.jpg', '22', '3', 1, 0),
(211, '新视窗大学英语口语教程', '外语教学与研究出版社', 'Steven', '''学生资助服务中心萄萄书吧是学生勤工助学的地方，学生自己的书吧，平均价格绝对比校外优惠。地点：一食堂对面，学生资助服务中心大厅内。萄萄书吧欢迎您的光临！''', 5, '/photo/book/thumb/211.jpg', '22', '3', 1, 0),
(213, '新视窗大学英语口语教程', '外语教学与研究出版社', 'Steven', '''学生资助服务中心萄萄书吧是学生勤工助学的地方，学生自己的书吧，平均价格绝对比校外优惠。地点：一食堂对面，学生资助服务中心大厅内。萄萄书吧欢迎您的光临！''', 5, '/photo/book/thumb/213.jpg', '22', '3', 1, 0),
(218, '高等数学同步辅导', '上海交通大学出版社（合工大编，正版）', 'Steven', '''书籍内附练习册6-12章，前五章已做，在意者考虑~书很新~''', 5, '/photo/book/thumb/218.jpg', '37', '10', 1, 0),
(217, '现代普通测量学（第2版）', '清华大学出版社', 'Steven', '''好''', 5, '/photo/book/thumb/217.JPG', '35', '9', 1, 0),
(219, '暮光之城（合订版）', '合工大大北门地摊出版社', 'Steven', '''喜欢这类书的联系我，大家懂得吧，就是那种合订版，大北门卖15（不知道现在还卖不卖），我看完了，保存很好不缺页哦~课余休闲可以看~虽然电影已经出了，但个人觉得书写的剧情比较饱满到位~''', 5, '/photo/book/thumb/219.jpg', '15', '5', 1, 0),
(244, '北大燕园—2014年李正元﹒李永乐考研数学(2)数学复习全书', '中国政法大学出版社', '乔布斯', '全新正版', 5, '/photo/book/thumb/244.jpg', '49.8', '25', 1, 0),
(242, '理论力学I', '高等教育出版社', '乔布斯', '理论力学第一册，土木学院和机器学院必修课！', 5, '/photo/book/default.jpg', '20', '5', 12, 0),
(238, '知音漫客', '国家新闻出版总署', 'Steven', '''有178，181，185，186,210，214,217,231,239，242，249,257期，先来先拿哦，有要多本的朋友三元两本！！不要错过哦！可以先联系我！768371355（注明买漫客）。''', 5, '/photo/book/thumb/238.jpg', '5', '2', 1, 0),
(240, '各类gre 蓝宝 绿皮 ', '新东方', 'Steven', '''蓝宝好新   绿皮被虐\\r\\n提供私家珍藏杀g杀t经验 （G：320 T：110  一次成绩哦 无刷分记录 ）\\r\\n求抱走！搬去旧书店好重 扔掉不舍得 来吧来吧！\\r\\n学姐告诉你如何考出好成绩！''', 5, '/photo/book/thumb/240.jpg', '300', '100', 1, 0),
(243, '理论力学I', '高等教育出版社', '乔布斯', '理论力学第一册，土木学院和机器学院的都懂得！', 5, '/photo/book/thumb/243.jpg', '40', '5', 6, 0),
(245, '2014李永乐·王式安考研数学系列：数学基础过关660题（数', '西安交通大学出版社', '乔布斯', '全新正版', 5, '/photo/book/thumb/245.jpg', '45', '20', 1, 0),
(246, '2014李永乐王式安考研数学系列：数学历年真题权威解析（数二', '西安交通大学出版社', '乔布斯', '全新正版', 5, '/photo/book/thumb/246.jpg', '45', '20', 1, 0),
(247, '毛纲源考研数学辅导系列：考研数学二常考题型解题方法技巧归纳（', '华中科技大学出版社', '乔布斯', '全新正版 很有用', 5, '/photo/book/thumb/247.jpg', '50', '25', 1, 0),
(248, '毛纲源考研数学辅导系列：考研数学(二)历年真题分题型精解', '华中科技大学出版社', '乔布斯', '全新正版', 5, '/photo/book/thumb/248.jpg', '45', '25', 1, 0),
(249, '蒋军虎2014MBA/MPA/MPACC等专业学位考研英语（', '北京航空航天大学出版社', '乔布斯', '全新正版', 5, '/photo/book/thumb/249.jpg', '59.8', '30', 1, 0),
(250, '毛纲源考研数学辅导系列：考研数学二常考题型解题方法技巧归纳（', '华中科技大学出版社', '乔布斯', '全新正版', 5, '/photo/book/thumb/250.jpg', '50', '30', 1, 0),
(251, 'C程序设计', '高等教育出版社', '乔布斯', 'C程序设计，大一下学期必修课，也比较难过的一门课！', 5, '/photo/book/thumb/251.jpg', '30', '5', 1, 0),
(254, '''软件工程''', '''机械工业出版社''', '乔布斯', '''这书好啊''', 5, '/photo/book/default.jpg', '30', '3', 1, 0),
(255, '''软件工程''', '''机械工业出版社''', '乔布斯', '''这书好啊''', 5, '/photo/book/default.jpg', '30', '3', 1, 0),
(253, '''C语言''', '''中国人名出版社''', '乔布斯', '''C语言，工大老师自己编写的<script>alert(\\''test\\'')</script>\\r\\n<b>粗体</b>''', 5, '/photo/book/thumb/253.jpg', '10', '5', 1, 0),
(257, '''李永乐考研数学三数学复习全书 数学三''', '''中国政法大学出版社''', '乔布斯', '''考研数学三必备，我只做了第一章，九成新，含习题。''', 5, '/photo/book/thumb/257.jpg', '40.6', '20', 1, 0),
(258, '''考研词汇速记指南（刘一男编著）''', '''中国时代经济出版社''', '乔布斯', '''刘一男老师的这本单词书想必大家都知道很妙，就是教给我们一些辅助速记的方法，而且是从词源的角度来分析单词的，并不是无厘头的想象。。我当时报的文都辅导班，人家给发了这本书，结果我之前已经买过了。所以这本书就新新的，一下子都没画过。。''', 5, '/photo/book/thumb/258.jpg', '40', '15', 1, 0),
(264, '''热力学、统计物理（第三版）学习辅导书''', '''高等教育出版社''', '乔布斯', '''这本书是汪志诚编写的《热力学、统计物理》（高等教育出版社）那个课本的课后同步习题答案''', 5, '/photo/book/thumb/264.JPG', '20', '5', 1, 0),
(265, '''大学计算机基础''', '''上海交通大学出版社''', '乔布斯', '''购买大学计算机基础加大学计算机基础实践教程只需9元！！！''', 5, '/photo/book/thumb/265.png', '29.8', '4', 1, 0),
(262, '''通信原理辅导及习题精解''', '''延边大学出版社''', '乔布斯', '''配套樊昌信版的通信原理书的课后习题答案精解''', 5, '/photo/book/thumb/262.jpg', '23', '6', 1, 0),
(263, '''复变函数、积分变换同步辅导及习题全解''', '''中国水利水电出版社''', '乔布斯', '''我在工大书店买的，正版。是我们工大许多专业学复变函数和积分变换那两本书的课后配套答案详解。''', 5, '/photo/book/thumb/263.JPG', '20', '5', 1, 0),
(270, '''分手信''', '''天津教育出版社''', '乔布斯', '''生长于单亲家庭的约翰，跟父亲难以沟通，终日自暴自弃。入伍后，他成长蜕变，并意外结识了清纯可人的莎文娜。约翰不只重新认识了爱情，更在莎文娜的帮助下正视父亲的社交障碍。\\r\\n\\r\\n就在约翰即将退伍，两人终将长相厮守时，911事件爆发，约翰与战友们重回军旅。然而爱情是多么需要悉心照料！在巴格达，约翰收到寄自莎文娜的一封让他的世界风云变色、却也让他更深刻思索爱情真义的——分手信。\\r\\n\\r\\n多年', 5, '/photo/book/thumb/270.jpg', '25', '10', 1, 0),
(274, '''Visual Foxpro程序设计（是没用过的新书）''', '''上海交通大学出版社''', '乔布斯', '''全新书，没有用过！''', 5, '/photo/book/thumb/274.jpg', '32', '20', 1, 0),
(275, '''Visual Foxpro程序设计实验教程（是没用过的新书', '''上海交通大学出版社''', '乔布斯', '''没有用过的全新书，需要速定，比半价低。''', 5, '/photo/book/thumb/275.jpg', '24', '11', 1, 0),
(277, '''大学英语四级 美文夜读100篇''', '''中国宇航出版社''', '乔布斯', '''很好的一本书，内容很有启发性，英语也很地道，是新东方的书籍。\\r\\n\\r\\n在南区可以面提''', 5, '/photo/book/thumb/277.jpg', '22.8', '10', 1, 0),
(278, '''汽车理论''', '''合肥工业大学出版社''', '乔布斯', '''汽车必修专业课用书，汽车专业的都懂，低价甩卖。''', 5, '/photo/book/thumb/278.jpg', '32', '5', 6, 0),
(279, '''汽车构造下册''', '''合肥工业大学出版社''', '乔布斯', '''汽车必修专业课，毕业甩卖，物有所值，汽车专业的都懂。''', 5, '/photo/book/thumb/279.jpg', '38', '5', 6, 0),
(280, '''汽车构造陈家瑞版下册''', '''机械工业出版社''', '乔布斯', '''汽车专业经典书籍，本专业的都懂，毕业低价甩卖。''', 5, '/photo/book/thumb/280.jpg', '39', '10', 6, 0),
(281, '''微型计算机原理与接口技术''', '''中国科学技术大学出版社''', '乔布斯', '''中国科学院指定考研参考书，毕业低价甩了。''', 5, '/photo/book/thumb/281.jpg', '32', '5', 6, 0),
(282, '''几何量公差与检测''', '''上海科学技术出版社''', '乔布斯', '''机械必须专业课，毕业低价甩了。''', 5, '/photo/book/thumb/282.jpg', '28', '5', 6, 0),
(283, '''微型计算机原理与接口技术''', '''中国科学技术大学出版社''', '乔布斯', '''中国科学院指定考研参考书，毕业低价甩了。''', 5, '/photo/book/thumb/283.jpg', '32', '5', 5, 0),
(284, ''' DSP原理及应用 邹彦主编 ''', '''电子工业出版社''', '乔布斯', '''九成新，专业必修课，大出血减价销售。''', 5, '/photo/book/thumb/284.jpg', '32', '8', 8, 0),
(285, '''音乐知识与鉴赏''', '''合肥工业大学出版社''', '乔布斯', '''音乐基础知识课程专用书，数量有限，欲购从速。新浪微博可联系@合工大二手交易平台''', 5, '/photo/book/thumb/285.jpg', '25', '13', 1, 0),
(286, '''2014新东方考研英语高分写作''', '''群言出版社''', '乔布斯', '''适合英语1和英语2，全新，连外面那层包装塑料都没拆过''', 5, '/photo/book/thumb/286.jpg', '30', '12', 1, 0),
(287, '''2004~2013考研英语历年真题详解及复习指南''', '''群言出版社''', '乔布斯', '''全新''', 5, '/photo/book/thumb/287.jpg', '55', '25', 1, 0),
(288, '''2014李永乐复习全书''', '''中国政法大学出版社''', '乔布斯', '''全新，未拆封，赠送复习全书习题全解''', 5, '/photo/book/thumb/288.jpg', '64.8', '30', 1, 0),
(289, '''2014李永乐数学历年试题解析（数一）''', '''中国政法大学出版社''', '乔布斯', '''全新，适合数一''', 5, '/photo/book/thumb/289.jpg', '38', '15', 1, 0),
(290, '''河南省公务员录用考试专用教材 行测''', '''红旗出版社''', '乔布斯', '''准备考河南省公务员或者考国家电网的同学可以买来看看（本人考河南电网已考上）''', 5, '/photo/book/thumb/290.jpg', '56', '20', 2, 0),
(297, '''高等数学 全程学习指导与习题精解''', '''东南大学出版社''', '乔布斯', '''考研专用''', 5, '/photo/book/thumb/297.jpg', '29.8', '15', 2, 0),
(298, '''高等数学辅导 附2010考研数学试题及答案（小册子）''', '''山东科学技术出版社''', '乔布斯', '''考研利器，绝对值这个价''', 5, '/photo/book/thumb/298.jpg', '29.8', '15', 1, 0),
(295, '''考研英语基础教程''', '''万学海文教学研究中心''', '乔布斯', '''考研专用''', 5, '/photo/book/thumb/295.jpg', '20', '5', 1, 0),
(296, '''考研英语基础教程''', '''万学海文教学研究中心''', '乔布斯', '''考研专用''', 5, '/photo/book/thumb/296.jpg', '20', '5', 1, 0),
(299, '''电路同步辅导及习题全解''', '''中国水利机电出版社''', '乔布斯', '''电气考研可用''', 5, '/photo/book/thumb/299.jpg', '19.5', '10', 5, 0),
(300, '''2014公务员录用考试教材-申论''', '''中共中央党校出版社''', '乔布斯', '''此书为宏章教育编写，紧贴考试大纲与地区实情，十分具有针对性，相信能助甲类考生一臂之力。''', 5, '/photo/book/thumb/300.jpg', '48', '20', 1, 0),
(301, '''汉语写作与百科知识''', '''武汉大学出版社''', '乔布斯', '''考英语反面的硕士必备！''', 5, '/photo/book/thumb/301.jpg', '56', '30', 13, 0),
(302, '''英汉互译''', '''合肥工业大学出版社''', '乔布斯', '''外边没卖的''', 5, '/photo/book/thumb/302.jpg', '24', '20', 13, 0),
(303, '''专八人文知识''', '''中山大学出版社''', '乔布斯', '''低价处理，好多外院必修课的书快来抢购！''', 5, '/photo/book/thumb/303.jpg', '25.8', '5', 13, 0),
(304, '''英语专八听力''', '''吉林出版集团有限责任公司''', '乔布斯', '''买书送学姐！''', 5, '/photo/book/thumb/304.jpg', '24.8', '15', 13, 0),
(305, '''新版标准日本语''', '''人民教育''', '乔布斯', '''初级、中级上下册''', 5, '/photo/book/thumb/305.jpg', '63.9', '50', 1, 0),
(306, '''公务员书籍''', '''科学技术''', '乔布斯', '''本人于2014年成功考取国家公务员，现在等待政审中，该套资料（共有五本，为全套的笔试资料,另送讲义一份，5成新试卷一份），已经用不到了''', 5, '/photo/book/thumb/306.jpg', '150', '50', 1, 0),
(307, '''安徽农信社书籍''', '''立信会计''', '乔布斯', '''为全新的安徽农信社考试书籍（本人考取2014年国考公务员，因而没有参加今年农信社考试），该套书籍包括安徽农信社专业知识一本，公共基础知识一本，历年真题及全真模拟试卷一本，考前必做一本，现亏本大甩卖。。。''', 5, '/photo/book/thumb/307.jpg', '124', '30', 1, 0),
(308, '''2013考研英语（二）词汇一本通''', '''北京航空航天大学出版社''', '乔布斯', '''考研英语二词汇书，正版，九成新！''', 5, '/photo/book/thumb/308.jpg', '19.8', '3', 1, 0),
(309, '''工程数学：复变函数（第四版）''', '''西安交通大学出版社''', '乔布斯', '''复变函数二手书''', 5, '/photo/book/thumb/309.jpg', '11.3', '2', 1, 0),
(310, '''工程数学：积分变换（第四版）''', '''高等教育出版社''', '乔布斯', '''8成新''', 5, '/photo/book/thumb/310.jpg', '8.1', '2', 1, 0),
(311, '''线性代数附册-学习辅导与习题全解''', '''高等教育出版社''', '乔布斯', '''线性代数的辅导书，含课后习题全解，8成新，本科学习或者考研复习适用！''', 5, '/photo/book/default.jpg', '18.9', '4', 1, 0);
INSERT INTO `bookinfo` (`book_id`, `book_name`, `publish`, `author`, `infor`, `degree`, `photo_path`, `former_price`, `now_price`, `book_col`, `book_category`) VALUES
(312, '''线性代数附册-学习辅导与习题全解''', '''高等教育出版社''', '乔布斯', '''线性代数的辅导书，含课后习题全解，8成新，本科学习或者考研复习适用！''', 5, '/photo/book/default.jpg', '18.9', '4', 1, 0),
(313, '''线性代数附册-学习辅导与习题全解''', '''高等教育出版社''', '乔布斯', '''配同济线代五版，8成新！''', 5, '/photo/book/default.jpg', '18.9', '4', 1, 0),
(314, '''信号与系统（第二版）''', '''高等教育出版社''', '乔布斯', '''上下册一起！''', 5, '/photo/book/default.jpg', '30', '5', 1, 0),
(315, '''信号与系统（第二版）同步辅导及习题全解''', '''中国水利水电出版社''', '乔布斯', '''上下册一起！正版较新！''', 5, '/photo/book/default.jpg', '36', '8', 1, 0),
(316, '''考研英语词汇词根+联想记忆法：乱序版''', '''群言出版社''', '乔布斯', '''正版书,6成新''', 5, '/photo/book/default.jpg', '43.6', '5', 1, 0),
(317, '''考研英语词汇（必考词+基础词+超纲词）''', '''西北大学出版社''', '乔布斯', '''很好的考研词汇书，正版，6成新''', 5, '/photo/book/thumb/317.jpg', '43.8', '5', 1, 0),
(318, '''考研英语二历年真题老蒋详解（全三册）''', '''北京航空航天大学出版社''', '乔布斯', '''三册一起，正版书，配光盘，8成新！考研英语二必备神器！''', 5, '/photo/book/thumb/318.jpg', '59.8', '10', 1, 0),
(319, '''考研英语词汇词根+联想记忆法：乱序版''', '''群言出版社''', '乔布斯', '''正版英语词汇书，6成新！''', 5, '/photo/book/thumb/319.jpg', '43.6', '5', 1, 0),
(321, '''cet6''', '''''', '乔布斯', '''六级必备''', 5, '/photo/book/thumb/321.jpg', '20', '10', 1, 0),
(322, '''cet6cet6六级''', '''gdfgddkj''', '乔布斯', '''<\\\\\\''\\\\\\''vb\\\\\\''''', 5, '/photo/book/thumb/322.jpg', '30', '10', 1, 0),
(323, '''高数上下册和全解——同济版''', '''高等教育出版社''', '乔布斯', '''考研用书 非新书 ''', 5, '/photo/book/thumb/323.jpg', '86.3', '20', 1, 0),
(325, '''超级漫画技法宝典''', '''中国青年出版社''', '乔布斯', '''讲解最实用、最流行、的漫画技法要点，展现最多样的画风，唯美的图例和生动的色彩，引发属于自己的个性角色和漫画的创作灵感''', 5, '/photo/book/thumb/325.jpg', '20', '10', 1, 0),
(326, '''超级漫画技法宝典''', '''中国青年出版社''', '乔布斯', '''漫迷必备、最实用、最流行的漫画技法要点，多样的画风，唯美的图例，引发属于自己的个性角色和漫画的创作灵感''', 5, '/photo/book/thumb/326.jpg', '20', '10', 1, 0),
(328, '''GRE阅读39+3全攻略''', '''清华大学出版社''', '乔布斯', '''几乎全新，GRE大神推荐！''', 5, '/photo/book/thumb/328.jpg', '38.9', '8', 1, 0),
(329, '''新GRE写作5.5''', '''外语教学与研究出版社''', '乔布斯', '''几乎全新，GRE大神推荐！''', 5, '/photo/book/thumb/329.jpg', '59', '10', 1, 0),
(330, '''控制工程基础''', '''清华3版''', '乔布斯', '''本教材是在董景新、赵长德等编著的《控制工程基础(第2版)》的基础上,引入近年来相关内容的发展重新编写的,主要面向机械类、仪器类及其他非控制专业本科生,被列入普通高等教育“十一五”国家级规划教材。主要内容包括控制系统的动态数学模型、时域瞬态响应分析、控制系统的频率特性、控制系统的稳定性分析、控制系统的误差分析和计算、控制系统的综合与校正、根轨迹法、控制系统的非线性问题、计算机控制系统。该教材突出机', 5, '/photo/book/thumb/330.png', '38', '9', 1, 0),
(331, '''机械设计''', '''高教教育出版社''', '乔布斯', '''机械设计8版''', 5, '/photo/book/thumb/331.png', '35', '10', 1, 0),
(332, '''电子技术基础 模拟部分(第五版)''', '''高等教育出版社''', '乔布斯', '''合肥工业大学宣城路 前进巷旧书店 满59送货上门''', 5, '/photo/book/default.jpg', '54.6', '8', 1, 0),
(333, '''《互联网之美》''', '''中U哦人民出版社''', '乔布斯', '''好书，互联网思维''', 5, '/photo/book/thumb/333.png', '30', '20', 20, 0),
(334, '''2015李永乐·王式安考研数学：数学基础过关660题（数二', '''西安交通大学出版社''', '乔布斯', '''书为正品全新，一字未动。''', 5, '/photo/book/thumb/334.jpg', '45', '15', 1, 0),
(335, '''2015李永乐王式安考研数学：数学历年试题解析（数二）''', '''中国政法大学出版社''', '乔布斯', '''书为正品全新，一字未动''', 5, '/photo/book/thumb/335.jpg', '32.8', '15', 1, 0),
(336, '''2015年李正元﹒李永乐考研数学(2)数学复习全书''', '''中国政法大学出版社''', '乔布斯', '''做了一二三章其他章节没动''', 5, '/photo/book/thumb/336.jpg', '51.8', '20', 1, 0),
(339, '''张剑阅读理解150篇基础训练 2015张剑考研英语黄皮书''', '''世界图书出版公司''', '乔布斯', '''就做了几道题，都是用铅笔写的可以擦掉，几乎全新''', 5, '/photo/book/thumb/339.jpg', '42.8', '15', 1, 0),
(340, '''高分子材料工程专业英语（第二版）''', '''化学工业出版社''', '乔布斯', '''旧书''', 5, '/photo/book/thumb/340.jpg', '28', '4', 4, 0),
(342, '''思想道德修养与法律基础''', '''高等教育出版社.北京''', '乔布斯', '''书名:思想道德修养与法律基础\\r\\n2010年修订版马克思主义理论研究和建设工程重点教材\\r\\n作者:本书编写组\\r\\n出版社：高等教育\\r\\n出版日期：2010-06-01\\r\\nISBN：9787040300260\\r\\n页码：251页\\r\\n版次：2010\\r\\n装帧：平装\\r\\n开本：16开''', 5, '/photo/book/thumb/342.jpg', '15.50', '8.00', 1, 0),
(343, '''思想道德修养与法律基础''', '''高等教育出版社.北京''', '乔布斯', '''书名:思想道德修养与法律基础\\r\\n2010年修订版马克思主义理论研究和建设工程重点教材\\r\\n作者:本书编写组\\r\\n出版社：高等教育\\r\\n出版日期：2010-06-01\\r\\nISBN：9787040300260\\r\\n页码：251页\\r\\n版次：2010\\r\\n装帧：平装\\r\\n开本：16开''', 5, '/photo/book/thumb/343.jpg', '15.50', '8.00', 1, 0),
(344, '''马克思主义基本原理概论''', '''高等教育出版社''', '乔布斯', '''八成新的书，而且是正品，书后贴有防伪标签，书上有少量考试重点，并附赠一份本人的课堂作业。''', 5, '/photo/book/thumb/344.jpg', '17.00', '8.00', 1, 0),
(345, '''思想道德修养与法律基础''', '''高等教育出版社.北京''', '乔布斯', '''我当年买的新书，到现在还是很新的，而且是正品，书后贴有防伪标签，思修是必修课，这本书相信好多学弟学妹们都会需要的！''', 5, '/photo/book/thumb/345.jpg', '15.50', '8.00', 1, 0),
(346, '''毛泽东思想和中国特色社会主义理论体系概论''', '''高等教育出版社''', '乔布斯', '''这本书已经有点旧了，但是内容没有任何破损或缺失，封面也是完好无损的，书中所画重点还是比较多的，对于应付考试还是有一定的帮助的，而且折扣比较多，基本是在原价基础上打2~3折，价格是非常优惠的，所以需要此书的小伙伴们赶快下手吧！''', 5, '/photo/book/thumb/346.jpg', '17.60', '5.00', 1, 0),
(347, '''中国近现代史纲要''', '''高等教育出版社''', '乔布斯', '''本书是必修的书籍，也是考研所需的书籍，虽然只有七成新，但是我在书中画了不少重点，对于考试或是考研政治都有一定的帮助，而且随书附赠一份考试卷及我的课堂笔记，需要的话赶快联系学姐我吧！''', 5, '/photo/book/thumb/347.jpg', '13.30', '6.00', 1, 0),
(349, '''汽车构造（下）''', '''合肥工业大学出版社''', '乔布斯', '''车辆都懂，无需多言''', 5, '/photo/book/thumb/349.JPG', '38', '8', 6, 0),
(350, '''机械原理''', '''合肥工业大学出版社''', '乔布斯', '''适用于机汽所有专业，工大老师自编''', 5, '/photo/book/thumb/350.JPG', '28', '8', 6, 0),
(354, '''手机游戏开发''', '''人民邮电出版社''', '乔布斯', '''暂无''', 5, '/photo/book/thumb/354.jpg', '39', '38.9', 3, 0),
(355, '''《思维导图》''', '''中信出版社''', '乔布斯', '''通过长期坚持训练，可以帮你快速整理出整洁的思路。''', 5, '/photo/book/thumb/355.jpg', '20', '10', 1, 0),
(363, '''概率论''', '''高等教育出版社''', '乔布斯', '''概率论，概率论''', 5, '/photo/book/thumb/363.jpg', '50', '10', 1, 0),
(364, '''XML编程与应用教程''', '''清华大学出版社''', '乔布斯', '''无''', 5, '/photo/book/thumb/364.jpg', '30', '28', 1, 0),
(366, '''XML编程与应用教程''', '''清华大学出版社''', '乔布斯', '''无''', 5, '/photo/book/thumb/366.jpg', '30', '29', 1, 0),
(367, '''大学生职业发展与就业指导''', '''合肥工业大学''', '乔布斯', '''无''', 5, '/photo/book/thumb/367.jpg', '25', '24', 1, 0),
(368, '''合肥工业大学校史''', '''合肥工业大学''', '乔布斯', '''无''', 5, '/photo/book/thumb/368.jpg', '38', '35', 1, 0),
(369, '''计算机操作系统''', '''西安电子科技大学出版社''', '乔布斯', '''无''', 5, '/photo/book/thumb/369.jpg', '30', '29', 1, 0),
(370, '''JavaScript高级程序设计''', '''人民邮电出版社''', '乔布斯', '''无''', 5, '/photo/book/thumb/370.jpg', '59', '57', 1, 0),
(371, '''话语操纵术''', '''新世界出版社''', '乔布斯', '''一本好书，一位益友''', 5, '/photo/book/thumb/371.JPG', '28', '14', 1, 0),
(372, '''社交红利''', '''北京联合出版社''', '乔布斯', '''挑战你的思维''', 5, '/photo/book/thumb/372.JPG', '42', '21', 1, 0),
(373, '''数据库系统概论（第四版）''', '''高等教育出版社''', '乔布斯', '''数据库是一门比较重要的课，大家一定要好好学''', 5, '/photo/book/thumb/373.JPG', '15', '5', 1, 0),
(374, '''庄子諵哗''', '''上海人民出版社''', '乔布斯', '''南怀瑾先生一九一八年诞生于浙江温州乐清一个世代书香之家，抗日战争时期投笔从戎。后赴台湾，执教于台湾文化大学、辅仁大学。又远赴美国、欧洲等地，考察讲学。门生弟子遍天下。先生长期精研国学，读书数十万卷，于儒、道、佛皆有精湛造诣，兼通诸子百家、诗词曲赋、天文历法、医学养生诸学，对西方文化亦有深刻理解，学贯中西，著作等身，堪称一代宗师，在中西文化界享有巨大声望。''', 5, '/photo/book/thumb/374.png', '28', '25', 1, 0),
(375, '''现代西班牙语（第一册）''', '''外研社''', '乔布斯', '''《现代西班牙语》（第一册至第四册）是供西班牙语专业大学本科一、二、三年级学生使用的精读教材。\\r\\n\\r\\n现代西班牙语第一册\\r\\n本套书由课文、语法和练习三部分组成。为了使学生能够更好地使用该教材，特意编写了与之配套的四册教学参考书，但每册内容各有''', 5, '/photo/book/thumb/375.png', '29.90', '25', 1, 0),
(376, '''速成西班牙语（第一册）''', '''外研社''', '乔布斯', '''《速成西班牙语(第1册)》主要特色：教材语言规范，文章具有时代性和趣味性。充分考虑公共外语学习者和自学者的特点，针对性强。每课围绕一到两个主题，文章短小精悍，讲解精练，图文并茂，词汇复现率高，例句充分，便于理解和记忆。围绕每课主题展开听、说、读、写、译活动。练习形式多样，促使学生在积极思考、自觉参与的过程中提高语言能力。''', 5, '/photo/book/thumb/376.png', '46', '45', 1, 0),
(377, '''C++程序设计（英文版·第三版）''', '''机械工业出版社''', '乔布斯', '''c++入门必备''', 5, '/photo/book/thumb/377.png', '79', '75', 19, 0),
(381, '''Java语言程序设计''', '''机械工业出版社''', '乔布斯', '''Java入门必备。''', 5, '/photo/book/thumb/381.png', '75', '70', 19, 0),
(382, '''高等数学上册''', '''中国电力出版社''', '乔布斯', '''合工大高数必备，教师指定用书。''', 5, '/photo/book/thumb/382.jpg', '49', '10', 1, 0),
(383, '''高等数学下册''', '''中国电力出版社''', '乔布斯', '''合工大高数必备 教师指定用书''', 5, '/photo/book/thumb/383.jpg', '49', '10', 1, 0),
(384, '''中文版DreamweaverCS3网页制作''', '''清华大学出版社''', '乔布斯', '''简单易学易上手的网页制作工具书。''', 5, '/photo/book/thumb/384.jpg', '32', '20', 1, 0),
(385, '''普通地质学''', '''地质出版社''', '乔布斯', '''地质必备工具书。''', 5, '/photo/book/thumb/385.jpg', '45', '20', 10, 0),
(386, '''最受欢迎的的哈佛心李课''', '''立信会计出版社''', '乔布斯', '''很实用的一本关于心理学和少少哲学的书。''', 5, '/photo/book/thumb/386.jpg', '36', '26', 1, 0),
(389, '''文苑''', '''文苑''', '乔布斯', '''杂志类''', 5, '/photo/book/default.jpg', '10.00', '6.00', 1, 0),
(392, '''背包十年''', '''CHINACITICPRESS''', '乔布斯', '''旅行''', 5, '/photo/book/default.jpg', '25.00', '15.00', 1, 0),
(393, '''文艺风赏''', '''长江文艺出版社''', '乔布斯', '''歧视篇''', 5, '/photo/book/default.jpg', '16.8', '8.00', 1, 0),
(394, '''英语作文''', '''天津教育出版社''', '乔布斯', '''针对英语爱好者''', 5, '/photo/book/default.jpg', '18.50', '10.00', 1, 0),
(397, '''伟大的推销员''', '''世界知识出版社''', '乔布斯', '''珍藏版''', 5, '/photo/book/default.jpg', '16.8', '8.00', 1, 0),
(398, '''平凡的世界''', '''北京十月文艺''', '乔布斯', '''在茅盾文学奖的获奖作品中，这本书是推广度最高的！''', 5, '/photo/book/thumb/398.jpg', '56', '48', 1, 0),
(402, '''中国近代史纲要''', '''高等教育''', '乔布斯', '''这本书很新，和新书差不多，里面还有些许笔记''', 5, '/photo/book/thumb/402.jpg', '14.8', '5', 1, 0),
(403, '''电工学''', '''高等教育''', '乔布斯', '''这本书里有很多笔记和重点难点的标记，另外书也很新。''', 5, '/photo/book/thumb/403.jpg', '31.5', '10', 6, 0),
(404, '''曾国藩家书''', '''外文出版社''', '乔布斯', '''书很新，没买多久，内容很经典''', 5, '/photo/book/thumb/404.jpg', '59.00', '40.00', 1, 0),
(405, '''狼图腾''', '''长江文艺出版社''', '乔布斯', '''《狼图腾》作者姜戎。是一部以狼为叙述主体的小说。讲述了一位知青在内蒙古草原插队时与草原狼、游牧民族相依相存的故事。''', 5, '/photo/book/thumb/405.jpg', '32', '25', 1, 0),
(410, '''乔纳森传''', '''中信出版社''', '乔布斯', '''天才''', 5, '/photo/book/thumb/410.jpg', '49.00', '49.00', 1, 0),
(414, '''阿信''', '''天津人民出版社''', '乔布斯', '''这个人真好''', 5, '/photo/book/thumb/414.jpg', '30.00', '22.00', 2, 0),
(413, '''阿信''', '''天津人民出版社''', '乔布斯', '''这个人真好''', 5, '/photo/book/thumb/413.jpg', '30.00', '22.00', 2, 0),
(415, '''c语言编程''', '''人民邮电出版社''', '乔布斯', '''作者深懂读者的心，他知道初学者哪儿不懂。''', 5, '/photo/book/thumb/415.jpg', '50.00', '45.00', 19, 0),
(416, '''爱因斯坦自述''', '''新世界出版社''', '乔布斯', '''详细介绍了爱因斯坦的一生，他的思想与科学给人以很大的鼓舞。''', 5, '/photo/book/thumb/416.jpg', '40.00', '35.00', 1, 0),
(417, '''爱因斯坦自述''', '''新世界出版社''', '乔布斯', '''详细介绍了爱因斯坦的一生，他的思想与科学给人以很大的鼓舞。''', 5, '/photo/book/thumb/417.jpg', '40.00', '35.00', 1, 0),
(419, '''web前端开发技术''', '''清华大学出版社''', '乔布斯', '''教学目标明确  方法灵活 内容先进 模式完善''', 5, '/photo/book/thumb/419.jpg', '60.00', '49.00', 19, 0),
(420, '''机械设计''', '''高等教育出版社''', '乔布斯', '''哈工大考研初试机械设计用书''', 5, '/photo/book/thumb/420.png', '40', '20', 6, 0),
(421, '''机械设计学习指导''', '''高等教育出版社''', '乔布斯', '''哈工大初试机械设计必备书''', 5, '/photo/book/thumb/421.png', '40', '15', 6, 0),
(422, '''机械设计思考题与习题解答''', '''高等教育出版社''', '乔布斯', '''哈工大初试机械设计考研必备书''', 5, '/photo/book/thumb/422.png', '40', '15', 6, 0),
(423, '''机械设计与机械原理考研指南''', '''华中科技大学出版社''', '乔布斯', '''华科机械考研必备书''', 5, '/photo/book/thumb/423.jpg', '50', '15', 6, 0),
(424, '''证券投资学''', '''人民大学出版社''', '乔布斯', '''还不错的一本书''', 5, '/photo/book/default.jpg', '30', '30', 1, 0);

-- --------------------------------------------------------

--
-- 表的结构 `buy`
--

CREATE TABLE IF NOT EXISTS `buy` (
  `buy_id` int(4) NOT NULL AUTO_INCREMENT COMMENT '求书交易id',
  `buy_bookname` varchar(30) COLLATE utf8_unicode_ci NOT NULL COMMENT '求购的书名或者书类别',
  `buy_content` text COLLATE utf8_unicode_ci NOT NULL COMMENT '喊话内容',
  `buy_username` char(16) COLLATE utf8_unicode_ci NOT NULL COMMENT '发布求书者名字',
  `buy_userid` int(5) NOT NULL COMMENT '发布求书者id',
  `buy_state` int(1) NOT NULL DEFAULT '1' COMMENT '求书交易状态',
  `time` datetime NOT NULL COMMENT '发布时间',
  PRIMARY KEY (`buy_id`)
) ENGINE=MyISAM  DEFAULT CHARSET=utf8 COLLATE=utf8_unicode_ci AUTO_INCREMENT=98 ;

--
-- 转存表中的数据 `buy`
--

INSERT INTO `buy` (`buy_id`, `buy_bookname`, `buy_content`, `buy_username`, `buy_userid`, `buy_state`, `time`) VALUES
(2, '求鸟哥linux', '''仍过一本来''', 'shaopeng', 58023, 2, '2013-07-12 20:29:14'),
(3, '数据结构', '''求该书！，学渣想自学！''', 'zhujun87654321', 62877, 1, '2013-07-14 20:53:09'),
(4, '计算机操作系统', '''学渣想自学！''', 'zhujun87654321', 62877, 1, '2013-07-14 20:54:19'),
(5, '鸟哥的Linux私房菜', '''谁有鸟哥的Linux的私房菜纸质版的书啊，求购求购！！！''', 'No5stranger', 48974, 1, '2013-07-14 20:54:28'),
(6, '计算机网络 ', '''学渣求书还不给面子么？''', 'zhujun87654321', 62877, 1, '2013-07-14 20:55:23'),
(7, '数学分析教程', '''渣渣复习要用的！''', 'zhujun87654321', 62877, 2, '2013-07-14 21:56:04'),
(8, '区域经济学', '''跪求合工大经济学专业区域经济学课程的书，希望学姐学长们可以给出是什么版本的呢？谢谢！高价求书！''', '蔡小萍', 50592, 1, '2013-07-15 11:09:34'),
(9, '经济博弈论', '''跪求经济学博弈论，不知道版本啊，求介绍，求二手书，有课件就更棒了哦''', '蔡小萍', 50592, 1, '2013-07-15 11:30:54'),
(10, '理论力学课后习题解', '''大二的理论力学课后习题解，配的课本是紫色的那个，谁有啊...''', '马鹿小钩子', 60473, 1, '2013-07-15 12:17:30'),
(11, '弹性力学', '''弹性力学，哪位学长有卖的啊？求购求购！！！''', 'No5stranger', 48974, 2, '2013-07-15 19:00:44'),
(12, 'Nodejs开发指南', '''纳尼...有人卖图灵的书吗？''', '张志强', 48822, 1, '2013-07-16 17:30:39'),
(13, 'python教程书籍', '''哪位仁兄有了解python，而且有这方面的书啊！！！求购求购！''', 'No5stranger', 48974, 1, '2013-07-16 21:44:32'),
(14, 'ansys辅导书', '''ansys辅导书，急求，专业需要！！！''', 'No5stranger', 48974, 1, '2013-07-16 22:21:09'),
(15, 'ansys辅导书', '''ansys辅导书，求购求购，哪个版本都可以！！！''', 'No5stranger', 48974, 1, '2013-07-16 22:23:53'),
(16, '计算力学', '''专业书籍啊，计算力学，哪位学长学姐丢过来？！''', 'No5stranger', 48974, 2, '2013-07-16 22:34:12'),
(17, '半导体物理学（第7版）', '''希望能在9月10号拥有此书的学长或者学姐能联系我，价格再商量，谢谢！''', '灵枫', 62918, 1, '2013-07-17 14:59:42'),
(18, 'verilog数字系统设计教程（第二版）', '''哪位学长或学姐伸出援手''', '灵枫', 62918, 1, '2013-07-17 15:02:56'),
(19, '传感器原理设计与应用（刘迎春第4版）', '''本书为红白封面，求购求购！''', '灵枫', 62918, 1, '2013-07-17 15:06:55'),
(20, '单片机原理及应用（张毅刚第2版）', '''求购，求购！''', '灵枫', 62918, 1, '2013-07-17 15:08:30'),
(21, '固体物理教程（王矜奉）', '''9月10前求购！''', '灵枫', 62918, 1, '2013-07-17 15:17:49'),
(22, '量子力学教程（周世勋第2版）', '''9月10号前求购！''', '灵枫', 62918, 1, '2013-07-17 15:19:02'),
(23, '交通学院专业书', '''求！''', '许闪耀', 44688, 2, '2013-07-19 15:39:10'),
(24, '交通学院专业书', '''求！''', '许闪耀', 44688, 2, '2013-07-19 15:39:12'),
(25, 'BEC', '''\\r\\n求书。。。''', '小小浪', 62774, 1, '2013-08-01 20:10:48'),
(26, '摄影类', '''亲，把你闲置不用的书卖给我吧！！！''', '小小浪', 62774, 1, '2013-08-01 20:13:01'),
(27, '数学学院大三专业书', '''数学学院大三专业书，全套最好''', '莫回首98', 57254, 2, '2013-08-23 12:41:45'),
(28, '数学学院大三专业书', '''数学学院大三专业书，全套最好''', '莫回首98', 57254, 2, '2013-08-23 12:41:45'),
(29, '人力资源管理', '''有这本书吗？急用''', '小小雨歇', 63625, 1, '2013-09-10 21:35:05'),
(30, '流体力学及其工程应用', '''求书啊= =话说新书好贵''', '睿仔', 63650, 2, '2013-09-11 23:35:11'),
(31, '高等代数', '''求书啊！！！英才班求高等代数''', '谢力争', 63651, 1, '2013-09-12 00:13:48'),
(32, '弹性力学', '弹性力学！求购！', 'haha', 123123, 2, '2013-09-12 22:28:21'),
(33, '弹性力学', '土木学院的必修书，急求！', 'No5stranger', 48974, 2, '2013-09-13 21:55:00'),
(49, '''大物''', '''\\"<script>alert(\\"xingming\\")</script>''', 'goog_child', 63298, 2, '2013-09-20 09:41:38'),
(50, '''大物''', '''\\"<script>alert(\\"xingming\\")</script>\\"''', 'goog_child', 63298, 2, '2013-09-20 09:47:34'),
(36, '高数', '求书', 'estq', 63765, 1, '2013-09-18 23:58:51'),
(47, '''求数据结构书籍''', '''急求数据结构的书籍！想学！''', 'No5stranger', 48974, 1, '2013-09-19 09:35:38'),
(51, '''计算机网络 谢希仁''', '''跪求《计算机网络》谢希仁编著电子工业出版社''', '莫回首98', 57254, 2, '2013-09-20 17:24:53'),
(45, '数据结构书籍', '''<script>alert(\\''test\\'')</script>''', 'No5stranger', 48974, 2, '2013-09-19 08:12:27'),
(44, '算法导论', '''神一般好的书，不知道哪位有，可以扔过来哦~~~''', 'No5stranger', 48974, 1, '2013-09-19 08:09:19'),
(52, '''高等数学和线性代数的课后习题答案书''', '''高等教育出版社''', 'wudixiaoshi', 64732, 1, '2013-11-29 13:14:54'),
(53, '''alert(document.cookie)''', '''alert(document.cookie)''', 'No5stranger', 48974, 2, '2013-12-01 21:35:32'),
(54, '''nihao''', '''ceshiceshi''', 'No5stranger', 48974, 2, '2013-12-01 21:46:00'),
(55, '''nihao''', '''ceshiceshi''', 'No5stranger', 48974, 2, '2013-12-01 21:57:22'),
(56, '''nihao''', '''ceshiceshi''', 'No5stranger', 48974, 2, '2013-12-01 21:59:45'),
(57, '''nihao''', '''ceshiceshi''', 'No5stranger', 48974, 2, '2013-12-01 22:06:34'),
(58, '''nihao''', '''ceshiceshi''', 'No5stranger', 48974, 2, '2013-12-01 22:11:24'),
(60, '''机械设计课程设计手册''', '''求机械设计课程设计手册''', 'zhouyi', 63365, 1, '2013-12-15 22:45:01'),
(61, '''资治通鉴''', '''求文言文原本''', 'year布丁小伯爵', 64069, 1, '2013-12-27 10:34:40'),
(62, '''测试网站安全性''', '''window.location.href=\\\\\\"http://www.baidu.com\\\\\\"''', 'Dick的心', 44371, 2, '2014-01-28 11:14:53'),
(63, '''机械工程控制原理''', '''就是工大复试用的那本书''', '20100857', 44278, 1, '2014-02-21 00:37:25'),
(64, '''机械原理''', '''东南大学机械学学科组，第七版，郑文纬，吴克坚主编''', '裸奔的齿轮', 65766, 1, '2014-02-23 18:11:26'),
(65, '''刘一男考研词汇速记指南''', '''跪求刘一男考研词汇速记指南，新旧都行''', '莫回首98', 57254, 1, '2014-02-26 20:13:09'),
(66, '''算法导论中英版皆可''', '''算法导论，中文版作　者： （美）科曼（Cormen,T.H.） 等著，殷建平 等译''', '莫回首98', 57254, 1, '2014-02-26 20:14:58'),
(67, '''考研数学英语''', '''数学，英语''', '乐福', 65818, 1, '2014-03-01 12:59:41'),
(68, '''研究生综合英语''', '''能用就行''', 'youngnirace', 65848, 1, '2014-03-04 20:11:52'),
(69, '''《我国跨境就业立法研究》''', '''劳动与社会保障法选修课的教材。中国科学技术大学出版社出版。''', 's1994', 65882, 2, '2014-03-16 13:25:44'),
(70, '''内燃机原理''', '''谢谢啦''', 'zpyx123125', 65910, 1, '2014-03-26 23:58:32'),
(71, '''汽车理论''', '''清华版的阿''', 'zpyx123125', 65910, 1, '2014-03-27 00:00:06'),
(72, '''汽车试验学''', '''工大出版社的，急需两本''', 'sunkun', 65924, 1, '2014-04-02 13:06:39'),
(73, '''简明法语''', '''O(∩_∩)O谢谢''', '万有地心引力', 65934, 1, '2014-04-19 12:34:15'),
(74, '''汽车制造工艺学''', '''主编是曾东建，机械工业出版社的，有木有车辆的学长不需要的啊''', '熊孩子', 65968, 1, '2014-04-20 09:56:27'),
(75, '''Clojure编程 （徐明明译）''', '''''', '张三丰', 66952, 2, '2014-04-26 14:15:17'),
(76, '''基于hcs12的嵌入式系统设计''', '''但求来书，电子版，打印版也好。。。''', '御水速舟', 72037, 1, '2014-05-06 23:45:15'),
(77, '''\\\\\\''考研英语词汇词根+联想记忆法：乱序版\\\\\\''''', '''求便宜书''', 'coffiee', 72543, 1, '2014-06-12 00:13:50'),
(78, '''thinking in java''', '''中文版，第四版''', '小盒子', 67213, 1, '2014-06-14 10:33:51'),
(79, '''《浪潮之巅》''', '''好书，互联网思维''', '青春无极', 61788, 1, '2014-06-29 23:32:55'),
(80, '''汽车''', '''大一新生求购车辆专业必修书，笔记什么的最好了，多谢学姐学长''', '石孙', 72806, 1, '2014-08-13 11:49:25'),
(81, '''gre各类书''', '''一起奋斗，，''', '黛色江山', 59121, 1, '2014-08-21 13:16:41'),
(82, '''西北工业出版的 考研英语红宝书''', '''现在急用这本书，师兄师姐不用的扔过来吧''', '无魂伤111', 72835, 1, '2014-08-31 11:04:16'),
(83, '''历年来考研数学解析（数一），李永乐的''', '''求书了''', '无魂伤111', 72835, 1, '2014-09-04 10:36:02'),
(84, '''制药工程大二所需旧书''', '''学长学姐看过来，大二的学弟求帮忙，有书的可以卖给我，价格好商量，诚心求购哦''', '2013214935', 72888, 1, '2014-09-15 11:45:52'),
(85, '''自动控制原理这门课的期末试卷''', '''求书  希望附带标注这门课的重点内容''', 'lyyy', 72903, 1, '2014-09-16 13:59:40'),
(86, '''java编程思想''', '''谢谢啦''', 'solo_sky', 64016, 1, '2014-09-24 21:58:42'),
(87, '''微积分教程 第二卷 第8版或第9版''', '''高等教育出版社，作者是菲赫金哥尔茨''', 'mjdong', 72454, 2, '2014-10-12 20:43:08'),
(88, '''微积分学教程 第二卷 第8版或第9版''', '''高等教育出版社   作者：菲赫金哥尔茨''', 'mjdong', 72454, 1, '2014-10-12 20:51:10'),
(89, '''浪潮之巅''', '''急求，价格优惠''', '纪风流年', 67695, 1, '2014-12-03 14:27:24'),
(90, '''即将到来的场景时代''', '''哪位小伙伴有啊，看完的话卖给我吧''', '纪风流年', 67695, 1, '2014-12-03 22:53:10'),
(91, '''数理统计''', '''我们马上就要开始上数理统计了，，，有数这本书的学长学姐们是否有低价出售的？有意者请电话联系！！！随时期待……''', '544461334', 64221, 1, '2014-12-05 00:01:23'),
(92, '''陈无畏《系统建模与计算机仿真》''', '''系统建模与计算机仿真，有没有低价甩卖的，想要一本呀''', 'lefend', 65946, 1, '2014-12-24 23:24:53'),
(93, '''新核心大学英语快速阅读（基础级）''', '''快点吧，晚了就没用啦''', '侯松', 73185, 1, '2014-12-31 08:45:53'),
(94, '''金财大三下教材''', '''哪位学长书用不着的，希望能转手，价格好商量''', '迈阿密34', 73403, 1, '2015-03-01 15:48:36'),
(95, '''液压与气压传动''', '''求这本旧书，合肥工业大学出版社''', '暂时大二', 63638, 1, '2015-03-03 10:49:10'),
(96, '''三体第三册''', '''三体是本奇特的科幻小说。带你入科幻。''', '诸葛飒', 73454, 1, '2015-03-21 11:41:09'),
(97, '''中国文化概论''', '''文化概论合肥工业大学出版的最好是最新一期''', '2013217299', 73491, 1, '2015-04-11 10:47:35');

-- --------------------------------------------------------

--
-- 表的结构 `buyandsale`
--

CREATE TABLE IF NOT EXISTS `buyandsale` (
  `bas_id` int(4) NOT NULL AUTO_INCREMENT COMMENT '记录id',
  `bas_type` int(1) NOT NULL COMMENT '交易类型 1=卖书 2=求书',
  `deal_id` int(4) NOT NULL COMMENT '交易id',
  `user_id` int(4) NOT NULL COMMENT '有意交易者id',
  PRIMARY KEY (`bas_id`),
  UNIQUE KEY `user_id` (`user_id`)
) ENGINE=MyISAM DEFAULT CHARSET=utf8 COLLATE=utf8_unicode_ci COMMENT='有意交易者信息记录' AUTO_INCREMENT=1 ;

-- --------------------------------------------------------

--
-- 表的结构 `buybooklabel`
--

CREATE TABLE IF NOT EXISTS `buybooklabel` (
  `bbl_id` int(4) NOT NULL AUTO_INCREMENT COMMENT '书籍标签id',
  `b_id` int(4) NOT NULL COMMENT '书籍id',
  `l_id` int(4) NOT NULL COMMENT '标签id',
  PRIMARY KEY (`bbl_id`)
) ENGINE=MyISAM  DEFAULT CHARSET=utf8 COLLATE=utf8_unicode_ci AUTO_INCREMENT=77 ;

--
-- 转存表中的数据 `buybooklabel`
--

INSERT INTO `buybooklabel` (`bbl_id`, `b_id`, `l_id`) VALUES
(3, 2, 2),
(4, 2, 4),
(5, 3, 4),
(6, 3, 7),
(7, 4, 7),
(8, 4, 4),
(9, 5, 8),
(10, 6, 7),
(11, 6, 4),
(12, 7, 9),
(13, 8, 6),
(14, 8, 11),
(15, 9, 11),
(16, 9, 15),
(17, 10, 5),
(18, 10, 4),
(19, 11, 18),
(20, 12, 2),
(21, 12, 7),
(22, 12, 4),
(23, 14, 6),
(24, 14, 7),
(25, 14, 33),
(26, 15, 6),
(27, 15, 4),
(28, 16, 6),
(29, 16, 4),
(30, 17, 6),
(31, 17, 19),
(32, 17, 32),
(33, 17, 4),
(34, 18, 6),
(35, 18, 24),
(36, 18, 19),
(37, 18, 32),
(38, 18, 4),
(39, 19, 6),
(40, 19, 2),
(41, 19, 24),
(42, 19, 19),
(43, 19, 4),
(44, 20, 6),
(45, 20, 2),
(46, 20, 24),
(47, 20, 19),
(48, 20, 4),
(49, 21, 6),
(50, 21, 2),
(51, 21, 24),
(52, 21, 19),
(53, 21, 4),
(54, 22, 6),
(55, 22, 2),
(56, 22, 24),
(57, 22, 19),
(58, 22, 4),
(59, 23, 4),
(60, 24, 4),
(61, 25, 2),
(62, 25, 19),
(63, 25, 23),
(64, 25, 4),
(65, 25, 4),
(66, 26, 2),
(67, 26, 40),
(68, 26, 41),
(69, 27, 4),
(70, 28, 4),
(71, 29, 24),
(72, 29, 46),
(73, 30, 51),
(74, 31, 6),
(75, 31, 24),
(76, 31, 4);

-- --------------------------------------------------------

--
-- 表的结构 `category`
--

CREATE TABLE IF NOT EXISTS `category` (
  `cat_id` smallint(3) NOT NULL AUTO_INCREMENT,
  `category` varchar(20) COLLATE utf8_unicode_ci NOT NULL COMMENT '类别',
  PRIMARY KEY (`cat_id`)
) ENGINE=MyISAM  DEFAULT CHARSET=utf8 COLLATE=utf8_unicode_ci AUTO_INCREMENT=8 ;

--
-- 转存表中的数据 `category`
--

INSERT INTO `category` (`cat_id`, `category`) VALUES
(1, '教材资料'),
(2, '外语相关'),
(3, '考证用书'),
(4, '考研专用'),
(5, '技术养成'),
(6, '休闲阅读'),
(7, '其他类别');

-- --------------------------------------------------------

--
-- 表的结构 `college`
--

CREATE TABLE IF NOT EXISTS `college` (
  `col_id` smallint(3) NOT NULL AUTO_INCREMENT,
  `college` varchar(20) COLLATE utf8_unicode_ci NOT NULL,
  UNIQUE KEY `col_id` (`col_id`)
) ENGINE=MyISAM  DEFAULT CHARSET=utf8 COLLATE=utf8_unicode_ci AUTO_INCREMENT=21 ;

--
-- 转存表中的数据 `college`
--

INSERT INTO `college` (`col_id`, `college`) VALUES
(1, '不限'),
(2, '数学学院'),
(3, '材料科学与工程学院'),
(4, '化学工程学院'),
(5, '电气与自动化工程学院'),
(6, '机械与汽车工程学院'),
(7, '仪器科学与光电工程学院'),
(8, '计算机与信息学院'),
(9, '生物与食品工程学院'),
(10, '资源与环境工程学院'),
(11, '建筑与艺术学院'),
(12, '土木与水利工程学院'),
(13, '外国语学院'),
(14, '经济学院'),
(15, '电子科学与应用物理学院'),
(16, '马克思主义学院'),
(17, '医学工程学院学院'),
(18, '交通运输工程学院'),
(19, '软件学院'),
(20, '管理学院');

-- --------------------------------------------------------

--
-- 表的结构 `donate`
--

CREATE TABLE IF NOT EXISTS `donate` (
  `donate_id` int(4) NOT NULL AUTO_INCREMENT COMMENT '捐赠id',
  `donator` varchar(12) COLLATE utf8_unicode_ci NOT NULL COMMENT '捐赠者',
  `college` int(2) NOT NULL COMMENT '学院',
  `book_name` varchar(20) COLLATE utf8_unicode_ci NOT NULL COMMENT '书名',
  `book_path` varchar(50) COLLATE utf8_unicode_ci DEFAULT '/photo/d_default.jpg' COMMENT '书籍封面',
  `donator_wish` text COLLATE utf8_unicode_ci NOT NULL COMMENT '捐赠者感言',
  `donate_time` date NOT NULL COMMENT '捐赠时间',
  `donee` varchar(20) COLLATE utf8_unicode_ci DEFAULT 'Best Wishes' COMMENT '受赠者',
  `donee_sex` char(5) COLLATE utf8_unicode_ci NOT NULL DEFAULT 'boy' COMMENT '受赠者性别',
  `donee_birth` varchar(10) COLLATE utf8_unicode_ci DEFAULT '2008-08-08' COMMENT '受赠者生日',
  `donee_address` varchar(50) COLLATE utf8_unicode_ci DEFAULT '期待TA的出现' COMMENT '受赠者地址',
  `donee_wish` varchar(100) COLLATE utf8_unicode_ci NOT NULL DEFAULT '期待TA的出现' COMMENT '受赠者感言',
  `volunteer_wish` varchar(100) COLLATE utf8_unicode_ci NOT NULL DEFAULT '听听他们的声音' COMMENT '青志联寄语',
  `donate_state` int(1) NOT NULL DEFAULT '2' COMMENT '捐书状态 2受赠者未获赠 1已获赠',
  PRIMARY KEY (`donate_id`)
) ENGINE=MyISAM  DEFAULT CHARSET=utf8 COLLATE=utf8_unicode_ci COMMENT='捐赠信息表' AUTO_INCREMENT=10 ;

--
-- 转存表中的数据 `donate`
--

INSERT INTO `donate` (`donate_id`, `donator`, `college`, `book_name`, `book_path`, `donator_wish`, `donate_time`, `donee`, `donee_sex`, `donee_birth`, `donee_address`, `donee_wish`, `volunteer_wish`, `donate_state`) VALUES
(2, '周洋', 20, '北京遇上西雅图', '/photo/donate/donate_2.jpg', '这本书因为看了电影才买的，如果你也对这个故事感兴趣，可以关注这本书。', '2013-10-21', '刘军', 'boy', '1995-11-01', '合肥市包河区', '感谢合工大的学姐，我会好好看这本书的！', '感谢支持！', 1),
(3, '乐同', 6, '明朝那些事儿', '/photo/donate/donate_3.jpg', '此书已看，希望更多的人可以共同分享乐趣', '2013-10-21', '柳平', 'boy', '1994-08-27', '合肥工业大学翡翠湖校区', '感谢乐同学长的书籍，这是一本好书！', '谢谢支持！', 1),
(4, '少朋', 3, '狼图腾', '/photo/donate/donate_4.jpg', '狼图腾是本好书，希望更多人可以了解这本书。', '2013-10-21', '朱莉', 'girl', '1997-01-09', '合肥市蜀山区', '谢谢学长的帮助，我会好好看的！', '感谢支持！', 1),
(5, '周洋', 20, '挪威森林', '/photo/donate/donate_5.jpg', '喜欢村上春树的可以关注一下哦', '2013-10-21', '蔡萍', 'girl', '1994-02-12', '淮南市', '我喜欢这本书，我要好好学习写作，努力成为一名作家，谢谢学长学姐帮助。', '谢谢支持！', 1),
(7, '张子龙', 6, '四级试卷', '/photo/donate/donate_7.jpg', '这个试卷比较新，因为我确实不想再刷分了。学妹要的联系我，学弟也可以', '2013-10-21', '桂阳', 'boy', '1993-10-07', '合肥工业大学13级学生', '谢谢学长学姐帮助，我会把英语四级拿下的！', '谢谢支持！', 1),
(8, '侯少华', 9, '牛津高阶英汉双解词典', '/photo/donate/donate_8.jpg', '呃呃，比较新，太重不想要了', '2013-10-21', '张朋', 'boy', '1991-05-17', '合肥工业大学12级学生', '感谢学长的帮助，这本书学习起到了很大的帮助，我的英语进步很快，谢谢学长学姐。', '谢谢支持！', 1),
(9, '牛旻', 4, '疯狂科学', '/photo/donate/donate_9.jpg', '希望这本书能给更多的童鞋带来科普知识！', '2013-10-21', '李一', 'boy', '1995-10-11', '合肥市肥西县', '谢谢合工大学长的书，我热爱科学，喜欢这本书，谢谢学长。', '感谢你的捐赠分享！', 1);

-- --------------------------------------------------------

--
-- 表的结构 `drifting`
--

CREATE TABLE IF NOT EXISTS `drifting` (
  `drift_id` int(4) NOT NULL AUTO_INCREMENT COMMENT '漂流书籍id',
  `book_name` varchar(30) COLLATE utf8_unicode_ci NOT NULL COMMENT '书名',
  `book_cover` varchar(30) COLLATE utf8_unicode_ci NOT NULL DEFAULT '/photo/drift/drift_default.jpg' COMMENT '书籍封面',
  `book_content` text COLLATE utf8_unicode_ci NOT NULL COMMENT '书籍介绍',
  `book_owner` varchar(30) COLLATE utf8_unicode_ci NOT NULL COMMENT '书籍拥有者',
  `time` datetime NOT NULL COMMENT '上架时间',
  `drift_state` int(1) NOT NULL DEFAULT '1' COMMENT '漂流状态 1可借 2借出',
  PRIMARY KEY (`drift_id`)
) ENGINE=MyISAM  DEFAULT CHARSET=utf8 COLLATE=utf8_unicode_ci COMMENT='读书漂流书籍信息表' AUTO_INCREMENT=10 ;

--
-- 转存表中的数据 `drifting`
--

INSERT INTO `drifting` (`drift_id`, `book_name`, `book_cover`, `book_content`, `book_owner`, `time`, `drift_state`) VALUES
(1, '狼图腾', '/photo/drift/drift_1.jpg', '狼图腾，一本经典的好书，在图书馆经常要预约才能借到！', '刘忻', '2013-10-21 11:28:16', 1),
(2, '看见', '/photo/drift/drift_2.jpg', '喜欢柴静的可以看一下这本书，挺真实的', '董可伦', '2013-10-21 11:35:36', 1),
(3, '四级词汇', '/photo/drift/drift_default.jpg', '需怒过四级的童鞋可以借阅。', '周世群', '2013-10-21 11:36:44', 1),
(4, '侯少华', '/photo/drift/drift_4.jpg', '一本很好的英语工具书！', '牛津高阶英汉双解词典', '2013-10-21 11:41:52', 1),
(5, '我等不到了', '/photo/drift/drift_5.jpg', '深入灵魂的“中国读本”，余秋雨停笔7年后首度推出新作！ ', '陈林', '2013-10-21 12:52:09', 1),
(6, '来生让我做您的母亲', '/photo/drift/drift_6.jpg', '乌反哺，羊跪乳；大学生，赞慈母，他们大多是独生子女是小太阳，但他们决非只求索取不知回报的啃老族。', '陈林', '2013-10-21 12:54:16', 1),
(7, '致我们终将逝去的青春', '/photo/drift/drift_7.jpg', '对于玉面小飞龙来说，7年，可以改变的事情很多很多；对于辛夷坞来说，7年之后再次重温曾经青涩却真挚的文字，也会有很多不同的感受；而对于亿万的读者而言，这是一本值得用7年甚至一辈子一品再品的经典。', '牛旻', '2013-10-21 14:01:22', 1),
(8, '红楼梦', '/photo/drift/drift_8.jpg', '宝黛爱情悲剧为主线，四大家族的荣辱兴衰为背景，描绘出18世纪中国封建社会。', '尹莫', '2014-01-06 14:26:25', 1),
(9, '7天治愈拖延症', '/photo/drift/drift_default.jpg', '为什么全球拖延症患者数以十亿计？如何治愈童年阴影型拖延症？如何治愈社交恐惧型拖延症？什么样的时间管理方法最管用？如何治愈上网成瘾型拖延症？彻底治愈拖延症的宇宙秘法是什么？阅读这本《7天治愈拖延症》，你就能找到这些问题的答案。', '刘璇', '2014-01-06 14:34:44', 1);

-- --------------------------------------------------------

--
-- 表的结构 `driftpath`
--

CREATE TABLE IF NOT EXISTS `driftpath` (
  `driftpath_id` int(4) NOT NULL AUTO_INCREMENT COMMENT '漂流记录id',
  `d_id` int(4) NOT NULL COMMENT '书籍id',
  `user` varchar(30) COLLATE utf8_unicode_ci NOT NULL COMMENT '借阅者',
  `time` varchar(8) COLLATE utf8_unicode_ci NOT NULL DEFAULT '20131010' COMMENT '归还时间',
  PRIMARY KEY (`driftpath_id`)
) ENGINE=MyISAM  DEFAULT CHARSET=utf8 COLLATE=utf8_unicode_ci COMMENT='漂流轨迹信息表' AUTO_INCREMENT=3 ;

--
-- 转存表中的数据 `driftpath`
--

INSERT INTO `driftpath` (`driftpath_id`, `d_id`, `user`, `time`) VALUES
(1, 3, '周世群', '20131021'),
(2, 9, '张少朋', '2014年01月');

-- --------------------------------------------------------

--
-- 表的结构 `feedback`
--

CREATE TABLE IF NOT EXISTS `feedback` (
  `fb_id` int(5) NOT NULL AUTO_INCREMENT COMMENT '反馈表id',
  `fb_content` text COLLATE utf8_unicode_ci NOT NULL COMMENT '反馈内容',
  `time` datetime NOT NULL COMMENT '反馈时间',
  PRIMARY KEY (`fb_id`)
) ENGINE=MyISAM  DEFAULT CHARSET=utf8 COLLATE=utf8_unicode_ci COMMENT='用户信息反馈表' AUTO_INCREMENT=7 ;

--
-- 转存表中的数据 `feedback`
--

INSERT INTO `feedback` (`fb_id`, `fb_content`, `time`) VALUES
(1, '''''', '2013-07-17 20:03:38'),
(2, '''''', '2013-07-18 20:23:11'),
(3, '''书可否加个南区新区尼~''', '2013-07-20 23:38:18'),
(4, '''xxxx''', '2013-07-21 23:19:47'),
(5, '''''', '2013-08-28 00:44:15'),
(6, '''''', '2013-08-30 20:16:38');

-- --------------------------------------------------------

--
-- 表的结构 `label`
--

CREATE TABLE IF NOT EXISTS `label` (
  `label_id` int(4) NOT NULL AUTO_INCREMENT COMMENT '标签编号',
  `label_name` varchar(20) COLLATE utf8_unicode_ci NOT NULL COMMENT '标签名字',
  `label_count` int(5) NOT NULL DEFAULT '0',
  PRIMARY KEY (`label_id`)
) ENGINE=MyISAM  DEFAULT CHARSET=utf8 COLLATE=utf8_unicode_ci COMMENT='标签数据表' AUTO_INCREMENT=127 ;

--
-- 转存表中的数据 `label`
--

INSERT INTO `label` (`label_id`, `label_name`, `label_count`) VALUES
(1, '高数', 20),
(2, '好书', 126),
(4, '您还可以自定义不超过四个标签并以空格分割', 0),
(3, '思修', 8),
(5, '理论力学', 0),
(6, '必修课', 164),
(7, '计算机', 8),
(8, 'Linux', 0),
(9, '数学专业', 0),
(10, '送课件哦', 0),
(11, '经济学院经济学专业必须课', 5),
(12, '大学生杂志', 0),
(13, '中国青年杂志', 0),
(14, '各两本', 0),
(15, '不清楚版本啊', 1),
(16, '正版动漫', 0),
(17, '正版漫画', 0),
(18, '土木必修课', 0),
(19, '八成新', 68),
(20, '会计电算化附光盘', 0),
(21, '经济学院必修课', 4),
(22, '菲利普科特勒著', 0),
(23, '九成新', 56),
(24, '老师上课指定用书', 81),
(25, '也适用于英语专业', 0),
(26, '薛荣久著', 0),
(27, '附送课件', 0),
(28, '第四版', 0),
(29, '教育部推荐教材', 0),
(30, '工业设计必修', 0),
(31, '第五版', 0),
(32, '重要书籍', 109),
(33, '软件辅导书', 0),
(34, '全新', 28),
(35, '小清新', 0),
(36, '手绘', 0),
(57, '文都', 0),
(37, '效果图制作', 0),
(38, '基本全新', 0),
(39, '人文外语', 0),
(40, '随意', 0),
(41, '有含金量就好了', 0),
(42, '新书', 7),
(43, '考研全新用书', 0),
(44, '考研专用', 0),
(45, '考研用书', 35),
(46, '王宝石', 0),
(47, '解闷的', 0),
(48, '好看', 0),
(49, '吸血鬼', 0),
(50, '爱情类', 0),
(51, '热动专业课', 0),
(52, '漫画', 2),
(53, '漫客', 1),
(54, '动漫', 0),
(55, '出国党必备啊', 0),
(58, '刘一男', 0),
(59, '考研词汇', 0),
(64, '光信息', 0),
(63, '通信原理', 0),
(65, '通信', 0),
(66, '复变', 0),
(67, '基础课', 0),
(68, '热力学', 0),
(69, '统计物理', 0),
(70, '物理', 0),
(71, '微电子', 0),
(75, '程序设计', 1),
(76, '四级', 0),
(77, '英语学习', 0),
(78, '汽车构造经典版', 0),
(79, '公选课用书', 0),
(80, '考公务员', 0),
(81, '或者国家电网可用', 0),
(86, '同济6版', 0),
(87, '非常全', 0),
(88, '有600多页', 0),
(89, '2014年', 0),
(90, '海南省', 0),
(91, '宁夏自治区', 0),
(92, '适用', 0),
(93, '全国翻译硕士', 0),
(94, '外院必备', 0),
(95, '价格好商量', 0),
(96, '正版', 0),
(97, '考研英语二', 0),
(103, '漫迷必备', 0),
(101, '可单卖', 0),
(104, '流行漫画', 0),
(106, 'GRE', 1),
(107, '英语', 2),
(108, '考研英语', 0),
(109, '高分子', 0),
(110, '专业英语', 0),
(116, '内有少量上课所画重点', 1),
(115, '含防伪码', 8),
(114, '正品', 4),
(117, '五成新', 1),
(118, '附赠一份考试题', 0),
(120, '锻炼思维', 0),
(126, '国学大师之经典之作', 0);

-- --------------------------------------------------------

--
-- 表的结构 `message`
--

CREATE TABLE IF NOT EXISTS `message` (
  `mes_id` int(4) NOT NULL AUTO_INCREMENT COMMENT '留言表id',
  `uid` int(5) NOT NULL COMMENT '被留言者id',
  `guest_id` int(5) NOT NULL COMMENT '留言者id',
  `mes_content` text COLLATE utf8_unicode_ci NOT NULL COMMENT '留言内容',
  `mes_time` datetime NOT NULL COMMENT '留言时间',
  PRIMARY KEY (`mes_id`)
) ENGINE=MyISAM  DEFAULT CHARSET=utf8 COLLATE=utf8_unicode_ci COMMENT='留言表' AUTO_INCREMENT=11 ;

--
-- 转存表中的数据 `message`
--

INSERT INTO `message` (`mes_id`, `uid`, `guest_id`, `mes_content`, `mes_time`) VALUES
(1, 62181, 50592, '最好是把书的图片给出来啊，这个是正规的啊，不是测试啊！可以在网上找书截图的哈！改一下啊！', '2013-07-16 16:51:53'),
(2, 50592, 48974, '给你留个爪，CXP!!![发怒]', '2013-07-16 17:10:04'),
(3, 48822, 50592, '啊哈，强锅，给力啊！[龇牙]', '2013-07-16 17:33:18'),
(4, 57254, 50592, '你是哪位呢？我也是经济学专业的哦！', '2013-07-16 21:51:39'),
(5, 47675, 50592, '你这头像很特色，一看就是一个会卖萌的妞，长玲姐姐，啊哈[坏笑]', '2013-07-16 22:05:19'),
(6, 57254, 53970, '留言', '2013-08-25 20:50:22'),
(7, 57254, 53970, '[酷]', '2013-08-25 20:50:57'),
(8, 60637, 63365, '学长知道机设专业单片机与接口技术用的是哪个版本吗？', '2013-08-27 22:37:43'),
(9, 57254, 48974, '''''留个爪！\\/', '2013-08-28 17:04:18'),
(10, 63600, 48974, '同学，不用一次发送那么多相同的书的。', '2013-09-11 00:00:37');

-- --------------------------------------------------------

--
-- 表的结构 `person`
--

CREATE TABLE IF NOT EXISTS `person` (
  `per_id` int(4) NOT NULL AUTO_INCREMENT COMMENT '个人中心id',
  `user_id` int(4) NOT NULL COMMENT '用户id',
  `dealbook` int(2) NOT NULL DEFAULT '30' COMMENT '书籍处理状态',
  `vis_deal` int(4) NOT NULL DEFAULT '0' COMMENT '未处理访客计数',
  `mes_deal` int(4) NOT NULL DEFAULT '0' COMMENT '未处理留言处理',
  PRIMARY KEY (`per_id`)
) ENGINE=MyISAM  DEFAULT CHARSET=utf8 COLLATE=utf8_unicode_ci COMMENT='个人中心信息表' AUTO_INCREMENT=97 ;

--
-- 转存表中的数据 `person`
--

INSERT INTO `person` (`per_id`, `user_id`, `dealbook`, `vis_deal`, `mes_deal`) VALUES
(1, 47923, 30, 0, 0),
(2, 58023, 30, 0, 0),
(3, 48974, 30, 0, 0),
(4, 62877, 30, 0, 0),
(5, 62098, 30, 0, 0),
(6, 53596, 30, 0, 0),
(7, 62878, 30, 0, 0),
(8, 50592, 30, 0, 0),
(9, 60473, 30, 0, 0),
(10, 62885, 30, 0, 0),
(11, 44138, 30, 0, 0),
(12, 62886, 30, 0, 0),
(13, 25167, 30, 0, 0),
(14, 55876, 30, 0, 0),
(15, 62889, 30, 0, 0),
(16, 56647, 30, 0, 0),
(17, 62826, 30, 0, 0),
(18, 57254, 30, 0, 0),
(19, 62893, 30, 0, 0),
(20, 62181, 30, 0, 0),
(21, 62900, 30, 0, 0),
(22, 62901, 30, 0, 0),
(23, 62902, 30, 0, 0),
(24, 62903, 30, 0, 0),
(25, 48822, 30, 0, 0),
(26, 57393, 30, 0, 0),
(27, 62905, 30, 0, 0),
(28, 55399, 30, 0, 0),
(29, 62204, 30, 0, 0),
(30, 62906, 30, 0, 0),
(31, 47675, 30, 0, 0),
(32, 60552, 30, 0, 0),
(33, 44688, 30, 0, 0),
(34, 62908, 30, 0, 0),
(35, 62910, 30, 0, 0),
(36, 62904, 30, 0, 0),
(37, 62911, 30, 0, 0),
(38, 62909, 30, 0, 0),
(39, 62912, 30, 0, 0),
(40, 62915, 30, 0, 0),
(41, 60637, 30, 0, 0),
(42, 62917, 30, 0, 0),
(43, 62918, 30, 0, 0),
(44, 62927, 30, 0, 0),
(45, 62930, 30, 0, 0),
(46, 62943, 30, 0, 0),
(47, 53719, 30, 0, 0),
(48, 62945, 30, 0, 0),
(49, 53916, 30, 0, 0),
(50, 62974, 30, 0, 0),
(51, 63004, 30, 0, 0),
(52, 55627, 30, 0, 0),
(53, 63049, 30, 0, 0),
(54, 63061, 30, 0, 0),
(55, 63076, 30, 0, 0),
(56, 42882, 30, 0, 0),
(57, 53970, 30, 0, 0),
(58, 63129, 30, 0, 0),
(59, 62774, 30, 0, 0),
(60, 63178, 30, 0, 0),
(61, 63217, 30, 0, 0),
(62, 63218, 30, 0, 0),
(63, 57961, 30, 0, 0),
(64, 63260, 30, 0, 0),
(65, 63264, 30, 0, 0),
(66, 63298, 30, 0, 0),
(67, 63365, 30, 0, 0),
(68, 63368, 30, 0, 0),
(69, 57329, 30, 0, 0),
(70, 60469, 30, 0, 0),
(71, 3543, 30, 0, 0),
(72, 40477, 30, 0, 0),
(73, 57408, 30, 0, 0),
(74, 63226, 30, 0, 0),
(75, 57964, 30, 0, 0),
(76, 54783, 30, 0, 0),
(77, 63600, 30, 0, 0),
(78, 63617, 30, 0, 0),
(79, 63621, 30, 0, 0),
(80, 44371, 30, 0, 0),
(81, 63622, 30, 0, 0),
(82, 63624, 30, 0, 0),
(83, 63625, 30, 0, 0),
(84, 63627, 30, 0, 0),
(85, 63629, 30, 0, 0),
(86, 63637, 30, 0, 0),
(87, 63638, 30, 0, 0),
(88, 63648, 30, 0, 0),
(89, 63650, 30, 0, 0),
(90, 63651, 30, 0, 0),
(91, 63652, 30, 0, 0),
(92, 63653, 30, 0, 0),
(93, 63661, 30, 0, 0),
(94, 63665, 30, 0, 0),
(95, 63668, 30, 0, 0),
(96, 63670, 30, 0, 0);

-- --------------------------------------------------------

--
-- 表的结构 `profession`
--

CREATE TABLE IF NOT EXISTS `profession` (
  `pro_id` int(5) NOT NULL AUTO_INCREMENT,
  `profession` varchar(20) COLLATE utf8_unicode_ci NOT NULL,
  `col_id` smallint(3) NOT NULL,
  PRIMARY KEY (`pro_id`),
  KEY `col_id` (`col_id`)
) ENGINE=MyISAM  DEFAULT CHARSET=utf8 COLLATE=utf8_unicode_ci AUTO_INCREMENT=64 ;

--
-- 转存表中的数据 `profession`
--

INSERT INTO `profession` (`pro_id`, `profession`, `col_id`) VALUES
(1, '信息管理与信息系统', 1),
(2, '电子商务', 1),
(3, '工商管理', 1),
(4, '市场营销', 1),
(5, '会计', 1),
(6, '物流管理', 1),
(7, '数学与应用数学', 2),
(8, '信息与计算科学', 2),
(9, '材料物理', 3),
(10, '无机非金属材料工程', 3),
(11, '金属材料工程', 3),
(12, '材料成型及控制工程', 3),
(13, '高分子材料与工程', 4),
(14, '化学工程与工艺', 4),
(15, '应用化学', 4),
(16, '自动化', 5),
(17, '电气工程及其自动化', 5),
(18, '机械设计制造及其自动化', 6),
(19, '工业工程', 6),
(20, '车辆工程', 6),
(21, '过程装备与控制过程', 6),
(22, '热能与动力过程', 6),
(23, '测控技术与仪器', 7),
(24, '光信息科学与仪器', 7),
(25, '计算机科学与技术', 8),
(26, '信息安全', 8),
(27, '电子信息工程', 8),
(28, '通信工程', 8),
(29, '电子信息科学与技术', 8),
(30, '物联网工程', 8),
(31, '食品科学与工程', 9),
(32, '生物工程', 9),
(33, '生物技术', 9),
(34, '环境工程专业', 10),
(35, '勘查技术与工程专业', 10),
(36, '资源勘查工程', 10),
(37, '地理信息系统专业', 10),
(38, '建筑学', 11),
(39, '城市规划', 11),
(40, '艺术设计', 11),
(41, '景观学', 11),
(42, '工业设计', 11),
(43, '广告学', 11),
(44, '土木工程', 12),
(45, '水利水电工程', 12),
(46, '给水排水工程', 12),
(47, '工程力学', 12),
(48, '测绘工程', 12),
(49, '建筑环境与设备工程', 12),
(50, '英语', 13),
(51, '经济学', 14),
(52, '国际经济与贸易', 14),
(53, '财政与金融', 14),
(54, '应用物理学', 15),
(55, '电子科学与技术', 15),
(56, '微电子', 15),
(57, '法学', 16),
(58, '思想政治教育', 16),
(59, '制药工程', 17),
(60, '生物医学工程', 17),
(61, '交通工程', 18),
(62, '交通运输', 18),
(63, '软件工程', 19);

-- --------------------------------------------------------

--
-- 表的结构 `reply`
--

CREATE TABLE IF NOT EXISTS `reply` (
  `reply_id` int(4) NOT NULL AUTO_INCREMENT COMMENT '回复留言id',
  `mid` int(5) NOT NULL COMMENT '被回复留言id',
  `gid` int(5) NOT NULL COMMENT '回复者id',
  `reply_content` text COLLATE utf8_unicode_ci NOT NULL COMMENT '回复内容',
  `reply_time` datetime NOT NULL COMMENT '回复时间',
  PRIMARY KEY (`reply_id`)
) ENGINE=MyISAM  DEFAULT CHARSET=utf8 COLLATE=utf8_unicode_ci COMMENT='回复留言表' AUTO_INCREMENT=8 ;

--
-- 转存表中的数据 `reply`
--

INSERT INTO `reply` (`reply_id`, `mid`, `gid`, `reply_content`, `reply_time`) VALUES
(1, 3, 57254, '测试一下功能啊。。。[龇牙]刘廷建[龇牙]', '2013-07-16 19:32:32'),
(2, 4, 57254, '[偷笑]不小心借了一下下。。。', '2013-07-16 23:44:16'),
(3, 4, 48974, '[龇牙]', '2013-07-21 17:49:19'),
(4, 4, 48974, '[哈哈][ddd][哈哈', '2013-07-21 17:52:21'),
(5, 4, 48974, '[得意][dddd][得意', '2013-07-21 17:53:28'),
(6, 6, 53970, '[发呆]', '2013-08-25 20:50:36'),
(7, 4, 53970, '[偷笑]', '2013-08-25 20:50:44');

-- --------------------------------------------------------

--
-- 表的结构 `sale`
--

CREATE TABLE IF NOT EXISTS `sale` (
  `sale_id` int(4) NOT NULL AUTO_INCREMENT COMMENT '交易id',
  `sale_bookid` int(4) NOT NULL COMMENT '交易书籍id',
  `sale_userid` int(5) NOT NULL COMMENT '卖书者id',
  `sale_state` int(1) NOT NULL DEFAULT '1' COMMENT '交易状态 1=正常 2=结束 3=待评价',
  `start_time` date NOT NULL COMMENT '开始时间',
  `end_time` date NOT NULL COMMENT '结束时间',
  PRIMARY KEY (`sale_id`)
) ENGINE=MyISAM  DEFAULT CHARSET=utf8 COLLATE=utf8_unicode_ci AUTO_INCREMENT=425 ;

--
-- 转存表中的数据 `sale`
--

INSERT INTO `sale` (`sale_id`, `sale_bookid`, `sale_userid`, `sale_state`, `start_time`, `end_time`) VALUES
(7, 7, 47923, 1, '2013-07-12', '2013-07-31'),
(8, 8, 48974, 2, '2013-07-14', '2013-07-27'),
(9, 9, 62098, 2, '2013-07-14', '0000-00-00'),
(10, 10, 62098, 1, '2013-07-14', '2014-01-01'),
(13, 13, 50592, 1, '2013-07-15', '2013-09-20'),
(14, 14, 50592, 1, '2013-07-15', '2013-09-21'),
(16, 16, 60473, 1, '2013-07-15', '2014-01-15'),
(17, 17, 62878, 2, '2013-07-16', '2013-07-31'),
(19, 19, 62878, 2, '2013-07-16', '2013-07-31'),
(21, 21, 62878, 2, '2013-07-16', '2013-07-31'),
(24, 24, 50592, 1, '2013-07-16', '2013-09-28'),
(25, 25, 62181, 2, '2013-07-16', '2013-07-28'),
(27, 27, 62181, 2, '2013-07-16', '2013-07-28'),
(28, 28, 62181, 2, '2013-07-16', '2013-07-28'),
(29, 29, 62181, 2, '2013-07-16', '2013-07-28'),
(30, 30, 50592, 1, '2013-07-16', '2013-10-18'),
(33, 33, 62901, 1, '2013-07-16', '2013-10-10'),
(34, 34, 62181, 2, '2013-07-16', '2013-07-28'),
(36, 36, 62901, 1, '2013-07-16', '2013-10-10'),
(37, 37, 50592, 1, '2013-07-16', '2013-09-21'),
(38, 38, 62901, 1, '2013-07-16', '2013-07-18'),
(39, 39, 62902, 1, '2013-07-16', '2013-07-26'),
(40, 40, 50592, 1, '2013-07-16', '2013-09-27'),
(41, 41, 50592, 1, '2013-07-16', '2013-10-25'),
(44, 44, 62181, 1, '2013-07-16', '2013-07-28'),
(45, 45, 62098, 1, '2013-07-16', '2014-01-01'),
(46, 46, 62181, 1, '2013-07-16', '2013-07-28'),
(47, 47, 62098, 1, '2013-07-16', '2014-01-03'),
(48, 48, 62181, 1, '2013-07-16', '2013-07-28'),
(49, 49, 62098, 1, '2013-07-16', '2014-01-02'),
(50, 50, 62181, 1, '2013-07-16', '2013-07-28'),
(51, 51, 62181, 1, '2013-07-16', '2013-07-28'),
(53, 53, 62877, 2, '2013-07-16', '2013-07-21'),
(55, 55, 62905, 1, '2013-07-16', '2013-07-31'),
(56, 56, 62905, 1, '2013-07-16', '2013-07-31'),
(57, 57, 62905, 1, '2013-07-16', '2013-07-31'),
(62, 62, 62902, 1, '2013-07-16', '2013-07-26'),
(65, 65, 62902, 1, '2013-07-16', '2013-07-26'),
(66, 66, 47675, 1, '2013-07-16', '2013-10-07'),
(67, 67, 47675, 1, '2013-07-16', '2013-10-17'),
(68, 68, 47675, 1, '2013-07-16', '2013-10-11'),
(69, 69, 57254, 1, '2013-07-16', '2014-01-16'),
(70, 70, 60552, 1, '2013-07-16', '2013-09-30'),
(71, 71, 62826, 2, '2013-07-16', '2013-09-08'),
(72, 72, 60552, 1, '2013-07-16', '2013-09-30'),
(73, 73, 62826, 1, '2013-07-16', '2013-09-08'),
(74, 74, 62826, 2, '2013-07-16', '2013-09-08'),
(75, 75, 60552, 1, '2013-07-16', '2013-09-30'),
(76, 76, 60552, 2, '2013-07-16', '2013-09-30'),
(77, 77, 62826, 1, '2013-07-16', '2013-09-08'),
(78, 78, 62826, 1, '2013-07-16', '2013-09-08'),
(79, 79, 62826, 1, '2013-07-16', '2013-09-08'),
(80, 80, 62877, 2, '2013-07-16', '2013-07-20'),
(81, 81, 48974, 1, '2013-07-16', '2013-07-30'),
(82, 82, 62908, 1, '2013-07-16', '2013-07-30'),
(83, 83, 62908, 1, '2013-07-16', '2013-07-30'),
(84, 84, 62908, 2, '2013-07-16', '2013-07-30'),
(85, 85, 62900, 1, '2013-07-16', '2013-10-01'),
(86, 86, 62900, 1, '2013-07-16', '2013-10-01'),
(89, 89, 62900, 2, '2013-07-16', '2013-10-01'),
(93, 93, 62900, 1, '2013-07-16', '2013-10-01'),
(94, 94, 62910, 1, '2013-07-16', '2013-08-31'),
(96, 96, 62910, 1, '2013-07-16', '2013-08-31'),
(98, 98, 62893, 1, '2013-07-16', '2013-08-31'),
(100, 100, 62909, 2, '2013-07-16', '2014-01-16'),
(101, 101, 62893, 1, '2013-07-16', '2013-08-31'),
(103, 103, 62909, 1, '2013-07-16', '2014-01-16'),
(104, 104, 62910, 1, '2013-07-16', '2013-08-31'),
(105, 105, 62893, 1, '2013-07-16', '2013-08-31'),
(106, 106, 62909, 1, '2013-07-16', '2013-07-20'),
(108, 108, 62904, 1, '2013-07-17', '2013-07-20'),
(109, 109, 62904, 1, '2013-07-17', '2013-07-20'),
(110, 110, 62904, 1, '2013-07-17', '2013-07-20'),
(111, 111, 62904, 1, '2013-07-17', '2013-07-20'),
(112, 112, 62904, 1, '2013-07-17', '2013-07-20'),
(113, 113, 62904, 1, '2013-07-17', '2013-07-20'),
(114, 114, 62904, 1, '2013-07-17', '2013-07-19'),
(115, 115, 62904, 1, '2013-07-17', '2013-07-19'),
(116, 116, 62904, 1, '2013-07-17', '2013-07-19'),
(117, 117, 62904, 1, '2013-07-17', '2013-07-19'),
(118, 118, 62904, 1, '2013-07-17', '2013-07-19'),
(120, 120, 62915, 1, '2013-07-17', '2013-09-30'),
(121, 121, 62915, 1, '2013-07-17', '2013-09-30'),
(122, 122, 62915, 1, '2013-07-17', '2013-09-30'),
(125, 125, 62917, 2, '2013-07-17', '2013-07-24'),
(126, 126, 62917, 2, '2013-07-17', '2013-07-24'),
(127, 127, 62917, 2, '2013-07-17', '2013-07-24'),
(128, 128, 62917, 1, '2013-07-17', '2013-07-24'),
(129, 129, 62917, 1, '2013-07-17', '2013-07-24'),
(130, 130, 62917, 1, '2013-07-17', '2013-07-24'),
(131, 131, 62918, 2, '2013-07-17', '2013-09-10'),
(132, 132, 62918, 2, '2013-07-17', '2013-09-10'),
(135, 135, 62204, 1, '2013-07-17', '2013-07-20'),
(136, 136, 62204, 1, '2013-07-17', '2013-07-20'),
(137, 137, 62204, 1, '2013-07-17', '2013-07-20'),
(138, 138, 62927, 1, '2013-07-17', '2013-09-30'),
(140, 140, 62927, 1, '2013-07-17', '2013-09-30'),
(141, 141, 62877, 1, '2013-07-19', '2013-09-30'),
(142, 142, 62877, 1, '2013-07-19', '2013-09-30'),
(143, 143, 62877, 1, '2013-07-19', '2013-09-30'),
(144, 144, 62877, 1, '2013-07-19', '2013-09-30'),
(145, 145, 62877, 1, '2013-07-19', '2013-09-30'),
(146, 146, 62877, 1, '2013-07-19', '2013-09-30'),
(147, 147, 62974, 1, '2013-07-20', '2014-01-20'),
(149, 149, 60637, 1, '2013-07-28', '2013-10-05'),
(150, 150, 60637, 1, '2013-07-28', '2013-11-01'),
(151, 151, 60637, 1, '2013-07-28', '2013-10-05'),
(152, 152, 60637, 1, '2013-07-28', '2013-10-05'),
(153, 153, 60637, 1, '2013-07-28', '2014-01-01'),
(154, 154, 60637, 1, '2013-07-28', '2013-10-05'),
(155, 155, 60637, 1, '2013-07-28', '2013-10-05'),
(156, 156, 60637, 1, '2013-07-28', '2013-10-05'),
(157, 157, 60637, 1, '2013-07-28', '2013-10-05'),
(158, 158, 60637, 1, '2013-07-28', '2013-10-05'),
(159, 159, 60637, 2, '2013-07-28', '2013-10-05'),
(161, 161, 63365, 2, '2013-09-08', '2014-01-31'),
(162, 162, 63365, 1, '2013-09-08', '2014-03-08'),
(163, 163, 63365, 1, '2013-09-08', '2014-03-08'),
(165, 165, 63600, 1, '2013-09-09', '2013-09-30'),
(166, 166, 63600, 1, '2013-09-09', '2013-09-30'),
(167, 167, 63600, 1, '2013-09-09', '2013-09-30'),
(168, 168, 63600, 2, '2013-09-09', '2013-09-30'),
(169, 169, 63600, 2, '2013-09-09', '2013-09-30'),
(170, 170, 63600, 2, '2013-09-09', '2013-09-30'),
(171, 171, 63600, 2, '2013-09-09', '2013-09-30'),
(172, 172, 63600, 2, '2013-09-09', '2013-09-30'),
(173, 173, 63600, 2, '2013-09-09', '2013-09-30'),
(174, 174, 63600, 2, '2013-09-09', '2013-09-30'),
(175, 175, 63600, 2, '2013-09-09', '2013-09-30'),
(176, 176, 63600, 2, '2013-09-09', '2013-09-30'),
(177, 177, 63600, 1, '2013-09-09', '2013-09-30'),
(178, 178, 63600, 1, '2013-09-09', '2013-09-30'),
(179, 179, 63600, 2, '2013-09-09', '2013-09-30'),
(180, 180, 63600, 2, '2013-09-09', '2013-09-30'),
(181, 181, 63600, 2, '2013-09-09', '2013-09-30'),
(182, 182, 63600, 1, '2013-09-09', '2013-09-30'),
(183, 183, 63365, 1, '2013-09-10', '2014-03-10'),
(184, 184, 63365, 1, '2013-09-10', '2014-03-10'),
(185, 185, 63600, 1, '2013-09-10', '2013-09-30'),
(186, 186, 63600, 1, '2013-09-10', '2013-09-30'),
(187, 187, 63600, 1, '2013-09-10', '2013-09-30'),
(188, 188, 63600, 1, '2013-09-10', '2013-09-30'),
(189, 189, 63600, 1, '2013-09-10', '2013-09-30'),
(190, 190, 63600, 1, '2013-09-10', '2013-09-30'),
(191, 191, 63600, 1, '2013-09-10', '2013-09-30'),
(192, 192, 63600, 1, '2013-09-10', '2013-09-30'),
(193, 193, 63600, 1, '2013-09-10', '2013-09-30'),
(194, 194, 63600, 1, '2013-09-10', '2013-09-30'),
(195, 195, 63600, 1, '2013-09-10', '2013-09-30'),
(196, 196, 63600, 1, '2013-09-10', '2013-09-30'),
(197, 197, 63600, 1, '2013-09-10', '2013-09-30'),
(198, 198, 63600, 1, '2013-09-10', '2013-09-30'),
(199, 199, 63600, 1, '2013-09-10', '2013-09-30'),
(200, 200, 63600, 1, '2013-09-10', '2013-09-30'),
(201, 201, 63624, 2, '2013-09-10', '2013-12-31'),
(202, 202, 63624, 2, '2013-09-10', '2013-12-31'),
(203, 203, 63624, 1, '2013-09-10', '2013-12-31'),
(204, 204, 63624, 2, '2013-09-10', '2013-12-31'),
(205, 205, 63624, 2, '2013-09-10', '2013-12-31'),
(206, 206, 63600, 1, '2013-09-10', '2013-09-30'),
(207, 207, 63600, 1, '2013-09-10', '2013-09-30'),
(208, 208, 63600, 1, '2013-09-10', '2013-09-30'),
(209, 209, 63600, 1, '2013-09-10', '2013-09-30'),
(210, 210, 63600, 1, '2013-09-10', '2013-09-30'),
(211, 211, 63600, 1, '2013-09-10', '2013-09-30'),
(213, 213, 63600, 1, '2013-09-10', '2013-09-30'),
(217, 217, 63627, 1, '2013-09-10', '2014-03-10'),
(218, 218, 63629, 1, '2013-09-11', '2013-12-31'),
(219, 219, 63629, 1, '2013-09-11', '2013-12-31'),
(238, 238, 63665, 1, '2013-09-12', '2013-09-30'),
(240, 240, 63668, 1, '2013-09-12', '2014-03-12'),
(244, 244, 26857, 1, '2013-09-15', '2014-01-05'),
(242, 242, 48974, 2, '2013-09-13', '2013-09-30'),
(243, 243, 48974, 1, '2013-09-13', '2013-09-29'),
(245, 245, 26857, 1, '2013-09-15', '2014-01-04'),
(246, 246, 26857, 1, '2013-09-15', '2014-01-05'),
(247, 247, 26857, 1, '2013-09-15', '2014-01-04'),
(248, 248, 26857, 1, '2013-09-15', '2014-01-04'),
(249, 249, 26857, 1, '2013-09-15', '2014-01-04'),
(250, 250, 26857, 1, '2013-09-15', '2014-01-04'),
(251, 251, 48974, 1, '2013-09-15', '2013-09-30'),
(254, 254, 63665, 2, '2013-09-19', '2013-09-27'),
(253, 253, 48974, 2, '2013-09-19', '2013-09-30'),
(255, 255, 63665, 2, '2013-09-19', '2013-09-27'),
(257, 257, 63963, 1, '2013-10-10', '2014-04-10'),
(258, 258, 64051, 2, '2013-10-19', '2014-04-19'),
(262, 262, 64051, 1, '2013-10-20', '2014-04-20'),
(263, 263, 64051, 1, '2013-10-20', '2014-04-20'),
(264, 264, 64051, 1, '2013-10-20', '2014-04-20'),
(265, 265, 64519, 1, '2013-11-22', '2014-01-09'),
(277, 277, 65711, 1, '2014-02-17', '2014-06-30'),
(275, 275, 65253, 1, '2013-12-31', '2014-06-30'),
(274, 274, 65253, 1, '2013-12-31', '2014-06-30'),
(270, 270, 64865, 1, '2013-12-12', '2013-12-31'),
(278, 278, 65715, 1, '2014-02-18', '2014-04-15'),
(279, 279, 65715, 1, '2014-02-18', '2014-04-15'),
(280, 280, 65715, 1, '2014-02-18', '2014-04-15'),
(281, 281, 65715, 1, '2014-02-18', '2014-04-15'),
(282, 282, 65715, 1, '2014-02-18', '2014-04-15'),
(283, 283, 65715, 1, '2014-02-18', '2014-04-15'),
(284, 284, 63819, 1, '2014-03-07', '2014-03-12'),
(285, 285, 65882, 2, '2014-03-12', '2014-03-16'),
(286, 286, 65886, 2, '2014-03-17', '2014-06-20'),
(287, 287, 65886, 2, '2014-03-17', '2014-06-20'),
(288, 288, 65886, 2, '2014-03-17', '2014-06-20'),
(289, 289, 65886, 2, '2014-03-17', '2014-06-20'),
(290, 290, 65895, 1, '2014-03-20', '2014-04-30'),
(295, 295, 65895, 1, '2014-03-20', '2014-04-30'),
(296, 296, 65895, 1, '2014-03-20', '2014-04-30'),
(297, 297, 65895, 2, '2014-03-20', '2014-04-30'),
(298, 298, 65895, 1, '2014-03-21', '2014-03-31'),
(299, 299, 65895, 1, '2014-03-21', '2014-03-31'),
(300, 300, 65897, 1, '2014-03-22', '2014-06-12'),
(301, 301, 65913, 1, '2014-03-27', '2014-06-20'),
(302, 302, 65913, 1, '2014-03-27', '2014-07-23'),
(303, 303, 65913, 1, '2014-03-27', '2014-07-16'),
(304, 304, 65913, 1, '2014-03-27', '2014-06-13'),
(305, 305, 65913, 1, '2014-03-27', '2014-06-28'),
(306, 306, 65918, 1, '2014-03-29', '2014-06-01'),
(307, 307, 65918, 1, '2014-03-29', '2014-06-01'),
(308, 308, 65921, 1, '2014-03-30', '2014-05-01'),
(309, 309, 65921, 1, '2014-03-30', '2014-05-01'),
(310, 310, 65921, 1, '2014-03-30', '2014-04-15'),
(311, 311, 65921, 2, '2014-03-30', '2014-04-15'),
(312, 312, 65921, 2, '2014-03-30', '2014-04-15'),
(313, 313, 65921, 1, '2014-03-30', '2014-04-15'),
(314, 314, 65921, 1, '2014-03-30', '2014-04-15'),
(315, 315, 65921, 1, '2014-03-30', '2014-04-15'),
(316, 316, 65921, 2, '2014-03-30', '2014-04-15'),
(317, 317, 65921, 1, '2014-03-30', '2014-04-15'),
(318, 318, 65921, 1, '2014-03-30', '2014-04-15'),
(319, 319, 65921, 1, '2014-03-30', '2014-04-15'),
(321, 321, 72063, 1, '2014-05-07', '2014-05-31'),
(322, 322, 72063, 2, '2014-05-07', '2014-05-08'),
(323, 323, 62297, 1, '2014-06-14', '2014-06-23'),
(325, 325, 72646, 2, '2014-06-17', '2014-07-18'),
(326, 326, 72646, 1, '2014-06-17', '2014-07-18'),
(328, 328, 72693, 1, '2014-06-24', '2014-07-05'),
(329, 329, 72693, 1, '2014-06-24', '2014-07-05'),
(330, 330, 63401, 2, '2014-06-29', '2014-10-10'),
(331, 331, 72724, 1, '2014-06-29', '2014-10-16'),
(332, 332, 72724, 1, '2014-06-29', '2014-10-16'),
(333, 333, 61788, 2, '2014-06-29', '2014-06-29'),
(334, 334, 72840, 2, '2014-09-02', '2015-01-10'),
(335, 335, 72840, 1, '2014-09-02', '2015-01-10'),
(336, 336, 72840, 1, '2014-09-02', '2015-01-10'),
(339, 339, 72840, 1, '2014-10-03', '2015-01-10'),
(340, 340, 72840, 1, '2014-10-03', '2015-01-01'),
(342, 342, 73151, 2, '2014-10-21', '2015-04-21'),
(343, 343, 73151, 2, '2014-10-21', '2015-04-21'),
(344, 344, 73151, 1, '2014-10-21', '2015-04-21'),
(345, 345, 73151, 1, '2014-10-21', '2015-04-21'),
(346, 346, 73151, 1, '2014-10-21', '2015-04-21'),
(347, 347, 73151, 1, '2014-10-21', '2015-04-21'),
(349, 349, 73181, 1, '2014-10-30', '2015-04-30'),
(350, 350, 73181, 1, '2014-10-30', '2015-04-30'),
(354, 354, 63401, 2, '2014-12-01', '2014-12-27'),
(355, 355, 61788, 1, '2014-12-03', '2015-06-02'),
(363, 363, 48974, 1, '2014-12-04', '2014-12-19'),
(364, 364, 63401, 2, '2014-12-04', '2015-01-02'),
(366, 366, 70425, 1, '2014-12-04', '2015-02-06'),
(367, 367, 70425, 1, '2014-12-04', '2015-02-07'),
(368, 368, 70425, 1, '2014-12-04', '2015-06-04'),
(369, 369, 70425, 1, '2014-12-04', '2015-02-06'),
(370, 370, 70425, 1, '2014-12-04', '2015-03-05'),
(371, 371, 67695, 1, '2014-12-04', '2015-04-30'),
(372, 372, 67695, 1, '2014-12-04', '2015-05-31'),
(373, 373, 67695, 1, '2014-12-04', '2015-03-31'),
(374, 374, 73285, 1, '2014-12-10', '2014-12-31'),
(375, 375, 73285, 1, '2014-12-10', '2014-12-31'),
(376, 376, 73285, 1, '2014-12-10', '2014-12-31'),
(377, 377, 73285, 1, '2014-12-10', '2014-12-31'),
(381, 381, 73285, 1, '2014-12-10', '2014-12-31'),
(382, 382, 73290, 1, '2014-12-13', '2015-01-31'),
(383, 383, 73290, 1, '2014-12-13', '2015-01-31'),
(384, 384, 73290, 1, '2014-12-13', '2015-01-31'),
(385, 385, 73290, 1, '2014-12-13', '2015-02-28'),
(386, 386, 73290, 1, '2014-12-13', '2015-02-26'),
(389, 389, 73267, 1, '2014-12-14', '2014-12-30'),
(392, 392, 73267, 1, '2014-12-14', '2014-12-30'),
(393, 393, 73267, 1, '2014-12-14', '2014-12-31'),
(394, 394, 73267, 1, '2014-12-14', '2014-12-29'),
(397, 397, 73267, 1, '2014-12-14', '2014-12-31'),
(398, 398, 73268, 1, '2014-12-16', '2015-01-16'),
(402, 402, 73268, 1, '2014-12-16', '2015-01-15'),
(403, 403, 73268, 1, '2014-12-16', '2015-01-15'),
(404, 404, 73268, 1, '2014-12-16', '2015-01-15'),
(405, 405, 73268, 1, '2014-12-16', '2015-01-15'),
(410, 410, 73292, 1, '2014-12-16', '2014-12-31'),
(413, 413, 73292, 1, '2014-12-16', '2014-12-30'),
(414, 414, 73292, 1, '2014-12-16', '2014-12-30'),
(415, 415, 73292, 1, '2014-12-16', '2014-12-31'),
(416, 416, 73292, 1, '2014-12-16', '2014-12-31'),
(417, 417, 73292, 1, '2014-12-16', '2014-12-31'),
(419, 419, 73292, 1, '2014-12-16', '2014-12-31'),
(420, 420, 64519, 1, '2015-03-11', '2015-09-11'),
(421, 421, 64519, 1, '2015-03-11', '2015-09-11'),
(422, 422, 64519, 1, '2015-03-11', '2015-09-11'),
(423, 423, 64519, 1, '2015-03-11', '2015-09-11'),
(424, 424, 63401, 2, '2015-04-12', '2015-04-24');

-- --------------------------------------------------------

--
-- 表的结构 `salebooklabel`
--

CREATE TABLE IF NOT EXISTS `salebooklabel` (
  `sbl_id` int(4) NOT NULL AUTO_INCREMENT COMMENT '书籍标签id',
  `b_id` int(4) NOT NULL COMMENT '书籍id',
  `l_id` int(4) NOT NULL COMMENT '标签id',
  PRIMARY KEY (`sbl_id`)
) ENGINE=MyISAM  DEFAULT CHARSET=utf8 COLLATE=utf8_unicode_ci AUTO_INCREMENT=953 ;

--
-- 转存表中的数据 `salebooklabel`
--

INSERT INTO `salebooklabel` (`sbl_id`, `b_id`, `l_id`) VALUES
(11, 7, 2),
(18, 13, 6),
(15, 10, 3),
(14, 8, 6),
(13, 8, 5),
(12, 7, 3),
(19, 13, 10),
(20, 14, 12),
(21, 14, 13),
(22, 14, 14),
(24, 16, 17),
(25, 17, 15),
(26, 18, 2),
(27, 18, 19),
(29, 19, 7),
(30, 20, 2),
(34, 24, 2),
(35, 24, 19),
(36, 25, 6),
(37, 27, 6),
(38, 28, 6),
(39, 29, 6),
(40, 30, 2),
(41, 30, 11),
(42, 30, 21),
(43, 30, 22),
(46, 33, 2),
(47, 33, 19),
(48, 34, 6),
(49, 35, 6),
(50, 35, 23),
(52, 36, 2),
(53, 36, 23),
(54, 37, 6),
(55, 37, 2),
(56, 37, 23),
(57, 37, 24),
(58, 37, 25),
(59, 37, 26),
(60, 37, 27),
(61, 38, 2),
(62, 38, 19),
(63, 39, 6),
(64, 40, 2),
(65, 40, 6),
(66, 40, 21),
(67, 40, 24),
(68, 41, 2),
(69, 41, 11),
(70, 41, 21),
(71, 41, 28),
(72, 41, 29),
(74, 44, 6),
(75, 45, 1),
(76, 46, 6),
(77, 48, 6),
(78, 50, 6),
(79, 51, 6),
(80, 53, 6),
(81, 58, 6),
(83, 59, 6),
(85, 60, 6),
(87, 61, 6),
(89, 62, 6),
(90, 63, 6),
(92, 64, 6),
(94, 65, 6),
(95, 66, 6),
(96, 66, 1),
(97, 66, 23),
(98, 67, 6),
(99, 67, 1),
(100, 67, 23),
(101, 67, 24),
(102, 68, 6),
(103, 68, 19),
(104, 68, 24),
(105, 68, 30),
(106, 69, 11),
(107, 70, 6),
(108, 70, 23),
(109, 70, 31),
(110, 71, 6),
(111, 71, 2),
(112, 71, 19),
(113, 71, 24),
(114, 71, 32),
(115, 72, 23),
(116, 73, 6),
(117, 73, 2),
(118, 73, 19),
(119, 73, 24),
(120, 73, 32),
(121, 74, 6),
(122, 74, 2),
(123, 74, 19),
(124, 74, 24),
(125, 74, 32),
(126, 75, 6),
(127, 75, 19),
(128, 75, 3),
(129, 76, 6),
(130, 76, 19),
(131, 76, 3),
(132, 77, 6),
(133, 77, 2),
(134, 77, 19),
(135, 77, 24),
(136, 77, 32),
(137, 78, 6),
(138, 78, 2),
(139, 78, 19),
(140, 78, 24),
(141, 78, 32),
(142, 79, 6),
(143, 79, 2),
(144, 79, 19),
(145, 79, 24),
(146, 79, 32),
(147, 80, 6),
(148, 81, 6),
(149, 81, 2),
(150, 82, 19),
(151, 83, 2),
(152, 84, 6),
(153, 84, 2),
(154, 85, 23),
(155, 86, 6),
(156, 86, 2),
(157, 86, 24),
(158, 87, 6),
(160, 88, 6),
(162, 89, 6),
(163, 89, 2),
(164, 90, 6),
(166, 91, 6),
(168, 92, 6),
(170, 93, 34),
(171, 94, 6),
(172, 94, 24),
(173, 95, 2),
(175, 96, 6),
(176, 96, 19),
(177, 96, 24),
(178, 97, 6),
(179, 97, 2),
(181, 98, 6),
(182, 98, 2),
(183, 98, 24),
(184, 98, 23),
(186, 100, 2),
(187, 100, 23),
(188, 100, 36),
(189, 101, 2),
(190, 101, 19),
(192, 103, 2),
(193, 103, 23),
(194, 103, 4),
(195, 103, 37),
(196, 104, 6),
(197, 104, 24),
(198, 104, 32),
(199, 104, 38),
(200, 105, 6),
(201, 105, 2),
(202, 105, 23),
(203, 105, 7),
(204, 106, 2),
(205, 107, 6),
(207, 119, 19),
(209, 120, 6),
(210, 120, 19),
(211, 120, 32),
(212, 121, 6),
(213, 121, 24),
(214, 121, 1),
(215, 121, 32),
(216, 122, 6),
(217, 122, 24),
(218, 122, 32),
(220, 124, 6),
(222, 125, 6),
(223, 125, 24),
(224, 125, 23),
(225, 126, 39),
(226, 127, 6),
(227, 127, 24),
(228, 127, 23),
(229, 128, 6),
(230, 128, 24),
(231, 128, 19),
(232, 129, 6),
(233, 129, 24),
(234, 129, 23),
(235, 130, 2),
(236, 131, 6),
(237, 131, 24),
(238, 132, 6),
(239, 132, 24),
(240, 133, 6),
(242, 134, 6),
(244, 135, 6),
(245, 136, 6),
(246, 137, 6),
(247, 138, 2),
(248, 138, 23),
(249, 138, 1),
(250, 138, 32),
(251, 139, 6),
(252, 139, 1),
(254, 140, 6),
(255, 140, 1),
(256, 140, 32),
(257, 147, 2),
(259, 149, 6),
(260, 150, 6),
(261, 151, 6),
(262, 152, 6),
(263, 153, 23),
(264, 154, 6),
(265, 155, 6),
(266, 156, 6),
(267, 157, 6),
(268, 158, 6),
(269, 159, 6),
(270, 160, 6),
(271, 160, 24),
(273, 161, 6),
(274, 161, 24),
(275, 161, 32),
(276, 162, 2),
(277, 162, 24),
(278, 162, 42),
(279, 163, 6),
(280, 163, 24),
(281, 163, 32),
(282, 163, 42),
(284, 165, 6),
(285, 165, 24),
(286, 165, 32),
(287, 166, 6),
(288, 166, 24),
(289, 166, 32),
(290, 167, 32),
(291, 168, 6),
(292, 168, 32),
(293, 169, 6),
(294, 169, 32),
(295, 170, 6),
(296, 170, 32),
(297, 171, 6),
(298, 171, 32),
(299, 172, 6),
(300, 172, 32),
(301, 173, 6),
(302, 173, 32),
(303, 174, 6),
(304, 174, 32),
(305, 175, 6),
(306, 175, 32),
(307, 176, 6),
(308, 176, 32),
(309, 177, 6),
(310, 177, 32),
(311, 178, 6),
(312, 178, 2),
(313, 178, 32),
(314, 179, 6),
(315, 179, 2),
(316, 179, 24),
(317, 179, 32),
(318, 180, 6),
(319, 180, 2),
(320, 180, 24),
(321, 180, 32),
(322, 181, 6),
(323, 181, 2),
(324, 181, 24),
(325, 181, 32),
(326, 182, 6),
(327, 182, 2),
(328, 182, 24),
(329, 182, 32),
(330, 183, 19),
(331, 183, 1),
(332, 184, 19),
(333, 185, 6),
(334, 185, 2),
(335, 185, 32),
(336, 186, 6),
(337, 186, 2),
(338, 186, 32),
(339, 187, 2),
(340, 187, 32),
(341, 188, 6),
(342, 188, 2),
(343, 188, 32),
(344, 189, 6),
(345, 189, 2),
(346, 189, 32),
(347, 189, 19),
(348, 190, 6),
(349, 190, 2),
(350, 190, 24),
(351, 190, 32),
(352, 190, 19),
(353, 191, 2),
(354, 191, 32),
(355, 191, 19),
(356, 192, 2),
(357, 192, 32),
(358, 193, 6),
(359, 193, 2),
(360, 193, 32),
(361, 193, 24),
(362, 193, 19),
(363, 194, 6),
(364, 194, 2),
(365, 194, 32),
(366, 194, 24),
(367, 194, 19),
(368, 195, 2),
(369, 195, 32),
(370, 196, 6),
(371, 196, 2),
(372, 196, 32),
(373, 196, 24),
(374, 197, 6),
(375, 197, 2),
(376, 197, 32),
(377, 197, 24),
(378, 198, 6),
(379, 198, 2),
(380, 198, 32),
(381, 198, 24),
(382, 199, 6),
(383, 199, 2),
(384, 199, 32),
(385, 199, 24),
(386, 200, 6),
(387, 200, 2),
(388, 200, 32),
(389, 200, 24),
(390, 201, 43),
(391, 202, 44),
(392, 202, 34),
(393, 203, 2),
(394, 203, 32),
(395, 203, 42),
(396, 203, 45),
(397, 204, 2),
(398, 204, 32),
(399, 204, 42),
(400, 204, 45),
(401, 205, 2),
(402, 205, 32),
(403, 205, 45),
(404, 205, 34),
(405, 206, 2),
(406, 206, 32),
(407, 206, 19),
(408, 207, 2),
(409, 207, 32),
(410, 207, 19),
(411, 208, 2),
(412, 208, 32),
(413, 208, 19),
(414, 209, 2),
(415, 209, 32),
(416, 209, 19),
(417, 210, 2),
(418, 210, 32),
(419, 210, 19),
(420, 211, 2),
(421, 211, 32),
(422, 211, 19),
(423, 212, 2),
(424, 212, 32),
(426, 213, 2),
(427, 213, 32),
(428, 213, 19),
(429, 214, 2),
(430, 214, 32),
(432, 215, 2),
(433, 215, 32),
(435, 216, 2),
(436, 216, 32),
(438, 217, 6),
(439, 217, 24),
(440, 217, 23),
(441, 218, 32),
(442, 218, 23),
(443, 218, 1),
(444, 219, 47),
(445, 219, 48),
(446, 219, 49),
(447, 219, 50),
(448, 220, 24),
(450, 221, 24),
(452, 222, 24),
(454, 223, 24),
(456, 224, 24),
(458, 225, 24),
(460, 226, 24),
(462, 227, 24),
(464, 228, 24),
(466, 229, 24),
(468, 230, 24),
(469, 230, 19),
(471, 231, 24),
(472, 231, 19),
(474, 232, 24),
(475, 232, 19),
(477, 233, 24),
(478, 233, 19),
(480, 234, 6),
(481, 234, 32),
(483, 235, 2),
(484, 235, 32),
(486, 236, 2),
(487, 236, 32),
(489, 237, 52),
(491, 238, 53),
(492, 238, 54),
(493, 238, 52),
(494, 239, 2),
(495, 239, 32),
(497, 240, 2),
(505, 246, 34),
(504, 245, 45),
(503, 244, 45),
(501, 242, 6),
(502, 243, 6),
(506, 246, 45),
(507, 247, 2),
(508, 247, 34),
(509, 247, 45),
(510, 248, 2),
(511, 248, 34),
(512, 248, 45),
(513, 249, 2),
(514, 249, 34),
(515, 249, 45),
(516, 250, 2),
(517, 250, 34),
(518, 250, 45),
(519, 251, 6),
(520, 251, 2),
(524, 257, 23),
(522, 253, 6),
(525, 257, 45),
(526, 258, 45),
(527, 258, 57),
(528, 258, 58),
(529, 258, 59),
(543, 262, 64),
(542, 262, 63),
(541, 262, 19),
(540, 262, 32),
(539, 262, 6),
(544, 262, 65),
(545, 263, 6),
(546, 263, 32),
(547, 263, 23),
(548, 263, 66),
(549, 263, 67),
(550, 264, 2),
(551, 264, 19),
(552, 264, 68),
(553, 264, 69),
(554, 264, 70),
(555, 264, 71),
(556, 265, 6),
(557, 265, 32),
(558, 265, 7),
(579, 274, 21),
(580, 274, 75),
(564, 270, 19),
(563, 270, 2),
(578, 274, 11),
(577, 274, 6),
(581, 275, 6),
(582, 275, 2),
(583, 275, 32),
(584, 275, 24),
(585, 275, 34),
(586, 275, 42),
(587, 275, 11),
(588, 275, 21),
(589, 275, 7),
(590, 275, 75),
(596, 277, 76),
(595, 277, 23),
(594, 277, 2),
(597, 277, 77),
(598, 278, 6),
(599, 278, 2),
(600, 278, 32),
(601, 278, 24),
(602, 278, 23),
(603, 279, 6),
(604, 279, 2),
(605, 279, 32),
(606, 279, 24),
(607, 279, 23),
(608, 280, 6),
(609, 280, 2),
(610, 280, 32),
(611, 280, 24),
(612, 280, 23),
(613, 280, 78),
(614, 281, 6),
(615, 281, 2),
(616, 281, 32),
(617, 281, 24),
(618, 281, 19),
(619, 282, 6),
(620, 282, 2),
(621, 282, 32),
(622, 282, 24),
(623, 282, 23),
(624, 283, 6),
(625, 283, 2),
(626, 283, 32),
(627, 283, 24),
(628, 283, 19),
(629, 284, 6),
(630, 284, 32),
(631, 284, 24),
(632, 284, 23),
(633, 285, 23),
(634, 285, 79),
(635, 286, 45),
(636, 287, 34),
(637, 287, 45),
(638, 288, 34),
(639, 288, 45),
(640, 289, 34),
(641, 289, 45),
(642, 290, 23),
(643, 290, 80),
(644, 290, 81),
(656, 296, 23),
(654, 295, 23),
(655, 295, 45),
(657, 296, 45),
(658, 297, 32),
(659, 297, 45),
(660, 297, 34),
(661, 297, 86),
(662, 297, 87),
(663, 297, 88),
(664, 298, 2),
(665, 298, 32),
(666, 298, 23),
(667, 298, 45),
(668, 298, 1),
(669, 299, 2),
(670, 299, 32),
(671, 299, 23),
(672, 299, 45),
(673, 300, 89),
(674, 300, 90),
(675, 300, 91),
(676, 300, 92),
(677, 301, 23),
(678, 301, 45),
(679, 301, 93),
(680, 302, 6),
(681, 302, 34),
(682, 302, 94),
(683, 303, 19),
(684, 303, 95),
(685, 304, 34),
(686, 304, 96),
(687, 305, 2),
(688, 305, 32),
(689, 305, 34),
(690, 305, 42),
(691, 306, 23),
(692, 307, 34),
(693, 308, 45),
(694, 308, 97),
(695, 309, 6),
(696, 310, 6),
(697, 317, 45),
(698, 318, 45),
(699, 319, 45),
(721, 328, 106),
(706, 323, 101),
(705, 322, 2),
(704, 321, 2),
(717, 326, 19),
(716, 325, 104),
(715, 325, 103),
(714, 325, 52),
(713, 325, 19),
(720, 328, 23),
(722, 328, 107),
(723, 329, 23),
(724, 329, 106),
(725, 329, 107),
(726, 330, 6),
(727, 331, 6),
(728, 333, 2),
(729, 334, 45),
(730, 334, 34),
(731, 334, 1),
(732, 335, 45),
(733, 335, 34),
(734, 335, 1),
(735, 336, 19),
(736, 336, 45),
(737, 336, 1),
(742, 339, 2),
(743, 339, 23),
(744, 339, 45),
(745, 339, 107),
(746, 339, 108),
(747, 340, 109),
(748, 340, 110),
(760, 342, 114),
(759, 342, 3),
(758, 342, 23),
(757, 342, 32),
(756, 342, 2),
(755, 342, 6),
(761, 342, 115),
(762, 342, 116),
(763, 343, 6),
(764, 343, 32),
(765, 343, 23),
(766, 343, 3),
(767, 343, 114),
(768, 343, 115),
(769, 343, 116),
(770, 344, 6),
(771, 344, 32),
(772, 344, 19),
(773, 344, 114),
(774, 344, 115),
(775, 345, 6),
(776, 345, 2),
(777, 345, 32),
(778, 345, 23),
(779, 345, 3),
(780, 345, 115),
(781, 345, 114),
(782, 346, 6),
(783, 346, 2),
(784, 346, 32),
(785, 346, 115),
(786, 346, 117),
(787, 347, 6),
(788, 347, 2),
(789, 347, 32),
(790, 347, 45),
(791, 347, 115),
(792, 347, 114),
(793, 347, 117),
(794, 347, 118),
(800, 349, 24),
(799, 349, 32),
(798, 349, 6),
(801, 349, 23),
(802, 350, 6),
(803, 350, 32),
(804, 350, 24),
(812, 354, 2),
(811, 354, 6),
(813, 354, 32),
(814, 355, 2),
(815, 355, 23),
(816, 355, 120),
(838, 364, 32),
(837, 364, 2),
(836, 363, 6),
(842, 366, 32),
(841, 366, 2),
(843, 367, 2),
(844, 367, 32),
(845, 367, 24),
(846, 368, 2),
(847, 368, 23),
(848, 369, 2),
(849, 369, 32),
(850, 370, 2),
(851, 370, 32),
(852, 371, 2),
(853, 371, 19),
(854, 372, 2),
(855, 372, 23),
(856, 373, 6),
(857, 373, 32),
(858, 373, 24),
(859, 373, 45),
(860, 374, 126),
(861, 375, 34),
(862, 376, 34),
(863, 377, 24),
(869, 381, 24),
(870, 381, 7),
(871, 382, 24),
(872, 382, 19),
(873, 383, 24),
(874, 383, 19),
(875, 384, 23),
(876, 384, 7),
(877, 385, 6),
(878, 386, 2),
(879, 386, 23),
(888, 398, 23),
(887, 398, 2),
(898, 402, 24),
(897, 402, 6),
(899, 403, 6),
(900, 403, 24),
(901, 404, 2),
(902, 404, 23),
(903, 405, 2),
(904, 405, 23),
(918, 413, 2),
(912, 410, 2),
(913, 410, 32),
(919, 413, 32),
(920, 414, 2),
(921, 414, 32),
(922, 415, 2),
(923, 415, 32),
(924, 415, 7),
(925, 416, 6),
(926, 416, 2),
(927, 416, 32),
(928, 416, 115),
(929, 417, 6),
(930, 417, 2),
(931, 417, 32),
(932, 417, 115),
(942, 419, 115),
(941, 419, 7),
(940, 419, 32),
(939, 419, 2),
(938, 419, 6),
(943, 420, 2),
(944, 420, 32),
(945, 420, 45),
(946, 420, 34),
(947, 420, 42),
(948, 421, 45),
(949, 421, 34),
(950, 422, 45),
(951, 422, 34),
(952, 423, 45);

-- --------------------------------------------------------

--
-- 表的结构 `todonate`
--

CREATE TABLE IF NOT EXISTS `todonate` (
  `todonate_id` int(4) NOT NULL AUTO_INCREMENT COMMENT '捐赠意向表id',
  `td_name` char(15) COLLATE utf8_unicode_ci NOT NULL COMMENT '捐赠者姓名',
  `college` int(2) NOT NULL DEFAULT '1' COMMENT '学院',
  `tel` char(13) COLLATE utf8_unicode_ci NOT NULL COMMENT '电话号码',
  `book` varchar(50) COLLATE utf8_unicode_ci NOT NULL COMMENT '书名',
  `time` datetime NOT NULL COMMENT '时间',
  `todonate_state` int(1) NOT NULL DEFAULT '1' COMMENT '处理状态 1处理中 2处理完成',
  PRIMARY KEY (`todonate_id`)
) ENGINE=MyISAM  DEFAULT CHARSET=utf8 COLLATE=utf8_unicode_ci COMMENT='捐赠意向表' AUTO_INCREMENT=15 ;

--
-- 转存表中的数据 `todonate`
--

INSERT INTO `todonate` (`todonate_id`, `td_name`, `college`, `tel`, `book`, `time`, `todonate_state`) VALUES
(1, '陈健培', 1, '18855159051', '狼图腾', '2013-10-21 12:45:10', 1),
(2, 'ｔｅｓｔ', 1, '13223456543', '１２３', '2013-10-25 20:51:10', 1),
(3, '武强', 1, '13865510525', '托业考试教材', '2014-01-04 07:30:58', 1),
(4, '余奔', 1, '15256054256', '最推理', '2014-06-19 17:24:28', 1),
(5, '翁公羽', 1, '18788898101', '白鹿原', '2014-06-21 13:25:41', 1),
(6, '翁公羽', 1, '18788898101', '檀香刑', '2014-06-21 13:26:12', 1),
(7, '翁公羽', 1, '18788898101', '骆驼祥子', '2014-06-21 13:26:39', 1),
(8, '翁公羽', 1, '18788898101', '许三观卖血记', '2014-06-21 13:27:21', 1),
(9, '翁公羽', 1, '18788898101', '莲花', '2014-06-21 13:27:50', 1),
(10, '翁公羽', 1, '18788898101', '厚黑学', '2014-06-21 13:28:16', 1),
(11, '测试', 1, '13816734448', '致青春', '2014-09-30 16:54:03', 1),
(12, '里带的', 1, '13700667452', '大雾的城市', '2014-12-02 10:57:44', 1),
(13, '喻彩云', 1, '15856987226', '虎口拔牙', '2014-12-04 17:35:41', 1),
(14, '牛剑鑫', 1, '18096635595', '话语操纵术', '2014-12-04 17:49:19', 1);

-- --------------------------------------------------------

--
-- 表的结构 `todrift`
--

CREATE TABLE IF NOT EXISTS `todrift` (
  `todrift_id` int(4) NOT NULL AUTO_INCREMENT COMMENT '预约信息id',
  `user` varchar(30) COLLATE utf8_unicode_ci NOT NULL COMMENT '预约者',
  `d_id` int(4) NOT NULL COMMENT '漂流书籍id',
  `tel` varchar(13) COLLATE utf8_unicode_ci NOT NULL COMMENT '电话',
  `time` datetime NOT NULL COMMENT '预约时间',
  `order_type` int(1) NOT NULL DEFAULT '1' COMMENT '预约类型 1已借出 2漂流中',
  PRIMARY KEY (`todrift_id`)
) ENGINE=MyISAM  DEFAULT CHARSET=utf8 COLLATE=utf8_unicode_ci COMMENT='预约书籍信息表' AUTO_INCREMENT=51 ;

--
-- 转存表中的数据 `todrift`
--

INSERT INTO `todrift` (`todrift_id`, `user`, `d_id`, `tel`, `time`, `order_type`) VALUES
(1, '徐陈林', 6, '15955162028', '2013-10-24 10:24:18', 1),
(2, '赖进飞', 2, '15256078806', '2013-11-05 18:48:12', 1),
(3, '杨益坤', 2, '18756930670', '2013-11-09 11:36:55', 1),
(4, '吴玲', 5, '18755148816', '2013-12-19 14:29:47', 1),
(5, '张少朋', 1, '15240033590', '2013-12-20 21:54:28', 1),
(6, '杨宇川', 2, '15209866958', '2013-12-22 01:12:50', 1),
(7, '陈健培', 2, '18855159051', '2013-12-23 23:33:46', 1),
(8, '陈振江', 9, '13721055590', '2014-01-07 18:43:19', 1),
(9, '李旭龙', 1, '13543331449', '2014-02-06 00:21:03', 1),
(10, '赖进飞', 2, '15256078806', '2014-02-23 23:13:42', 1),
(11, 'ada', 1, '18817391193', '2014-03-02 20:06:08', 1),
(12, 'fubendong', 8, '15652831365', '2014-03-19 10:44:01', 1),
(13, '高颖颖', 3, '13655698268', '2014-03-22 20:08:58', 1),
(14, '高颖颖', 9, '13655698268', '2014-03-22 20:10:19', 1),
(15, '梁娜妮', 9, '18735710989', '2014-03-24 11:30:59', 1),
(16, '孙悦', 4, '15256031230', '2014-03-27 13:22:46', 1),
(17, '龚鹏', 1, '18856306353', '2014-04-19 00:09:38', 1),
(18, '蔡家贤', 7, '13064852912', '2014-04-28 11:45:19', 1),
(19, '陈金伟', 2, '18255188229', '2014-04-29 22:54:49', 1),
(20, '齐几元', 6, '15673320986', '2014-05-03 13:51:36', 1),
(21, '沈阳', 9, '18919666750', '2014-05-24 01:00:45', 1),
(22, '鲍呈浩', 2, '18226616190', '2014-06-13 11:01:37', 1),
(23, '张浩', 2, '13631506156', '2014-06-14 10:44:03', 1),
(24, '张浩', 2, '13631506156', '2014-06-14 10:44:42', 1),
(25, '喻彩云', 2, '15856987226', '2014-06-21 18:58:11', 1),
(26, '陶辉', 2, '15656945590', '2014-06-24 07:36:49', 1),
(27, '申旌周', 6, '15856919585', '2014-06-29 22:59:06', 1),
(28, '王小二', 2, '15555175367', '2014-06-29 22:59:52', 1),
(29, '王振', 3, '15555175367', '2014-06-29 23:19:54', 1),
(30, '李玉红', 6, '18397495850', '2014-08-19 16:44:52', 1),
(31, '小坤', 1, '15018529292', '2014-09-04 02:22:26', 1),
(32, '王凯', 8, '15155971787', '2014-09-09 20:25:28', 1),
(33, '李同学', 2, '18768194610', '2014-09-11 17:46:46', 1),
(34, '王涛', 1, '15105692508', '2014-09-15 13:41:28', 1),
(35, '王涛', 2, '15105692508', '2014-09-15 14:02:39', 1),
(36, '许能', 2, '13965044580', '2014-09-15 23:18:16', 1),
(37, '朱瑞昌', 1, '13033003229', '2014-09-17 20:51:10', 1),
(38, '刘丹', 7, '13816734448', '2014-09-30 16:49:50', 1),
(39, '周洁', 7, '15156217486', '2014-10-02 22:23:58', 1),
(40, '周洁', 4, '15156217486', '2014-10-02 22:24:47', 1),
(41, '王振', 1, '15656516350', '2014-10-07 12:31:07', 1),
(42, '杨宇川', 1, '15209866958', '2014-10-17 17:41:53', 1),
(43, '只米', 4, '18297911452', '2014-11-06 21:25:34', 1),
(44, '喻彩云', 5, '15856987226', '2014-12-01 17:19:24', 1),
(45, '赖进飞', 2, '15256078806', '2014-12-04 23:55:51', 1),
(46, '王文泰', 1, '18255134665', '2014-12-21 10:39:42', 1),
(47, '方草', 9, '13515662269', '2015-03-10 20:24:01', 1),
(48, '吴小广', 9, '15156158447', '2015-03-28 21:09:29', 1),
(49, '吴小广', 1, '15156158447', '2015-03-28 21:10:12', 1),
(50, '付评', 2, '13767431102', '2015-04-23 21:25:57', 1);

-- --------------------------------------------------------

--
-- 表的结构 `user`
--

CREATE TABLE IF NOT EXISTS `user` (
  `user_id` int(4) NOT NULL AUTO_INCREMENT COMMENT '用户id',
  `user_name` char(16) COLLATE utf8_unicode_ci NOT NULL COMMENT '用户名',
  `pass` char(12) COLLATE utf8_unicode_ci NOT NULL COMMENT '密码',
  `secret_question` text COLLATE utf8_unicode_ci COMMENT '密保问题',
  `secret_answer` text COLLATE utf8_unicode_ci COMMENT '密保答案',
  `mail` varchar(50) COLLATE utf8_unicode_ci NOT NULL DEFAULT 'hfutonline@163.com' COMMENT '邮件',
  `tel` char(13) COLLATE utf8_unicode_ci NOT NULL DEFAULT '13800000000' COMMENT '电话',
  `sex` int(1) NOT NULL DEFAULT '1' COMMENT '性别 1=男 2=女',
  `college` int(3) NOT NULL DEFAULT '1' COMMENT '学院代码',
  `profession` int(3) NOT NULL DEFAULT '1' COMMENT '专业代码',
  `face_path` varchar(120) COLLATE utf8_unicode_ci NOT NULL DEFAULT '/photo/user/default.jpg' COMMENT '图像路径',
  `reg_time` datetime NOT NULL COMMENT '注册时间',
  `last_time` datetime NOT NULL DEFAULT '2013-06-01 00:00:00' COMMENT '最后登录时间',
  `last_ip` char(20) COLLATE utf8_unicode_ci NOT NULL COMMENT '最后登录ip',
  `login_times` int(4) NOT NULL DEFAULT '0',
  `state` int(1) NOT NULL DEFAULT '2' COMMENT '账号状态',
  PRIMARY KEY (`user_id`),
  UNIQUE KEY `user_name` (`user_name`,`mail`)
) ENGINE=MyISAM  DEFAULT CHARSET=utf8 COLLATE=utf8_unicode_ci COMMENT='用户信息表' AUTO_INCREMENT=73534 ;

--
-- 转存表中的数据 `user`
--

INSERT INTO `user` (`user_id`, `user_name`, `pass`, `secret_question`, `secret_answer`, `mail`, `tel`, `sex`, `college`, `profession`, `face_path`, `reg_time`, `last_time`, `last_ip`, `login_times`, `state`) VALUES
(47923, '飞天小莫', '', NULL, NULL, 'hfutonline@163.com', '15240033590', 1, 1, 1, 'http://ucenter.hfutonline.net/avatar.php?uid=47923&size=middle', '2013-07-12 19:29:30', '2015-02-13 16:00:18', '210.45.245.5', 0, 2),
(58023, 'shaopeng', '', NULL, NULL, 'hfutonline@163.com', '15240033590', 1, 1, 1, 'http://ucenter.hfutonline.net/avatar.php?uid=58023&size=middle', '2013-07-12 20:27:12', '2013-09-07 17:28:39', '210.45.245.5', 0, 2),
(48974, 'No5stranger', '', NULL, NULL, 'hfutonline@163.com', '18855159051', 1, 1, 1, 'http://ucenter.hfutonline.net/avatar.php?uid=48974&size=middle', '2013-07-12 20:32:58', '2015-03-04 14:28:26', '222.195.3.188', 0, 2),
(62877, 'zhujun87654321', '', NULL, NULL, 'hfutonline@163.com', '15255158778', 1, 1, 1, 'http://ucenter.hfutonline.net/avatar.php?uid=62877&size=middle', '2013-07-14 20:49:26', '2014-05-25 19:55:19', '36.32.17.245', 0, 2),
(62098, '水木刀', '', NULL, NULL, 'hfutonline@163.com', '18756057273', 1, 1, 1, 'http://ucenter.hfutonline.net/avatar.php?uid=62098&size=middle', '2013-07-14 21:00:06', '2013-07-16 17:44:46', '36.32.50.30', 0, 2),
(53596, 'hanxiao815', '', NULL, NULL, 'hfutonline@163.com', '18855159051', 1, 1, 1, 'http://ucenter.hfutonline.net/avatar.php?uid=53596&size=middle', '2013-07-14 21:01:54', '2014-08-26 23:41:23', '172.16.15.183', 0, 2),
(62878, 'mohaimiao', '', NULL, NULL, 'hfutonline@163.com', '15212789318', 1, 1, 1, 'http://ucenter.hfutonline.net/avatar.php?uid=62878&size=middle', '2013-07-14 21:53:25', '2013-07-16 17:01:15', '36.32.22.156', 0, 2),
(50592, '蔡小萍', '', NULL, NULL, 'hfutonline@163.com', '18096404223', 1, 1, 1, 'http://ucenter.hfutonline.net/avatar.php?uid=50592&size=middle', '2013-07-15 11:00:22', '2014-04-24 20:27:34', '222.195.3.188', 0, 2),
(60473, '马鹿小钩子', '', NULL, NULL, 'hfutonline@163.com', '15205651653', 1, 1, 1, 'http://ucenter.hfutonline.net/avatar.php?uid=60473&size=middle', '2013-07-15 11:56:11', '2013-07-17 15:51:30', '36.7.179.131', 0, 2),
(62885, '1994', '', NULL, NULL, 'hfutonline@163.com', '18855159051', 1, 1, 1, 'http://ucenter.hfutonline.net/avatar.php?uid=62885&size=middle', '2013-07-15 12:30:53', '2013-07-24 13:22:45', '172.16.15.53', 0, 2),
(44138, 'qinkaizhu', '', NULL, NULL, 'hfutonline@163.com', '18855159051', 1, 1, 1, 'http://ucenter.hfutonline.net/avatar.php?uid=44138&size=middle', '2013-07-15 13:09:05', '2014-12-23 12:22:43', '210.45.245.5', 0, 2),
(62886, '孙果果', '', NULL, NULL, 'hfutonline@163.com', '18855159051', 1, 1, 1, 'http://ucenter.hfutonline.net/avatar.php?uid=62886&size=middle', '2013-07-15 13:21:42', '2013-09-06 19:15:33', '10.16.3.59', 0, 2),
(25167, '海风林影', '', NULL, NULL, 'hfutonline@163.com', '18855159051', 1, 1, 1, 'http://ucenter.hfutonline.net/avatar.php?uid=25167&size=middle', '2013-07-15 15:34:18', '2013-07-15 15:35:25', '202.38.79.82', 0, 2),
(55876, 'demon左岸', '', NULL, NULL, 'hfutonline@163.com', '18855159051', 1, 1, 1, 'http://ucenter.hfutonline.net/avatar.php?uid=55876&size=middle', '2013-07-15 16:04:44', '2013-07-24 16:51:41', '210.45.245.5', 0, 2),
(62889, 'hachuanren', '', NULL, NULL, 'hfutonline@163.com', '18855159051', 1, 1, 1, 'http://ucenter.hfutonline.net/avatar.php?uid=62889&size=middle', '2013-07-15 16:46:20', '2013-07-15 16:58:31', '172.16.26.159', 0, 2),
(56647, '小--菜C', '', NULL, NULL, 'hfutonline@163.com', '18855159051', 1, 1, 1, 'http://ucenter.hfutonline.net/avatar.php?uid=56647&size=middle', '2013-07-15 17:10:41', '2013-07-15 17:13:09', '210.45.249.100', 0, 2),
(62826, '丹丹', '', NULL, NULL, 'hfutonline@163.com', '18297944926', 1, 1, 1, 'http://ucenter.hfutonline.net/avatar.php?uid=62826&size=middle', '2013-07-15 18:55:46', '2013-07-16 21:30:25', '222.195.3.188', 0, 2),
(57254, '莫回首98', '', NULL, NULL, 'hfutonline@163.com', '15256056102', 1, 1, 1, 'http://ucenter.hfutonline.net/avatar.php?uid=57254&size=middle', '2013-07-15 18:56:05', '2014-02-26 20:15:56', '222.195.3.188', 0, 2),
(62893, 'fzz', '', NULL, NULL, 'hfutonline@163.com', '18756953912', 1, 1, 1, 'http://ucenter.hfutonline.net/avatar.php?uid=62893&size=middle', '2013-07-15 23:46:12', '2013-07-16 23:39:55', '172.16.27.218', 0, 2),
(62181, '李士敏', '', NULL, NULL, 'hfutonline@163.com', '18756025894', 1, 1, 1, 'http://ucenter.hfutonline.net/avatar.php?uid=62181&size=middle', '2013-07-16 16:28:37', '2013-07-16 17:45:51', '172.16.33.134', 0, 2),
(62900, 'songwanrong', '', NULL, NULL, 'hfutonline@163.com', '', 1, 1, 1, 'http://ucenter.hfutonline.net/avatar.php?uid=62900&size=middle', '2013-07-16 16:31:53', '2013-07-16 23:12:34', '120.209.207.32', 0, 2),
(62901, 'lily0127', '', NULL, NULL, 'hfutonline@163.com', '15215608831', 1, 1, 1, 'http://ucenter.hfutonline.net/avatar.php?uid=62901&size=middle', '2013-07-16 16:35:38', '2013-07-16 17:04:51', '36.7.170.180', 0, 2),
(62902, 'shiheng', '', NULL, NULL, 'hfutonline@163.com', '15155901432', 1, 1, 1, 'http://ucenter.hfutonline.net/avatar.php?uid=62902&size=middle', '2013-07-16 16:50:09', '2013-07-16 19:08:20', '172.16.15.22', 0, 2),
(62903, 'wxm123456', '', NULL, NULL, 'hfutonline@163.com', '18855159051', 1, 1, 1, 'http://ucenter.hfutonline.net/avatar.php?uid=62903&size=middle', '2013-07-16 17:14:20', '2013-07-16 17:24:55', '222.195.3.188', 0, 2),
(48822, '张志强', '', NULL, NULL, 'hfutonline@163.com', '18755174437', 1, 1, 1, 'http://ucenter.hfutonline.net/avatar.php?uid=48822&size=middle', '2013-07-16 17:19:36', '2014-05-05 21:28:49', '210.45.245.5', 0, 2),
(57393, 'wzddzy', '', NULL, NULL, 'hfutonline@163.com', '18855159051', 1, 1, 1, 'http://ucenter.hfutonline.net/avatar.php?uid=57393&size=middle', '2013-07-16 17:52:05', '2013-07-16 18:28:31', '172.16.41.177', 0, 2),
(62905, '天乐', '', NULL, NULL, 'hfutonline@163.com', '18855159051', 1, 1, 1, 'http://ucenter.hfutonline.net/avatar.php?uid=62905&size=middle', '2013-07-16 18:15:23', '2013-07-16 18:56:21', '172.16.24.156', 0, 2),
(55399, '徐陈林', '', NULL, NULL, 'hfutonline@163.com', '18855159051', 1, 1, 1, 'http://ucenter.hfutonline.net/avatar.php?uid=55399&size=middle', '2013-07-16 18:18:23', '2014-06-02 13:13:01', '210.45.245.5', 0, 2),
(62204, '暗影', '', NULL, NULL, 'hfutonline@163.com', '15156691574', 1, 1, 1, 'http://ucenter.hfutonline.net/avatar.php?uid=62204&size=middle', '2013-07-16 18:45:55', '2013-07-17 16:05:27', '120.209.206.48', 0, 2),
(62906, 'lightheart', '', NULL, NULL, 'hfutonline@163.com', '13275875808', 1, 1, 1, 'http://ucenter.hfutonline.net/avatar.php?uid=62906&size=middle', '2013-07-16 19:09:29', '2013-07-16 20:09:27', '172.16.40.234', 0, 2),
(47675, '紫葡萄', '', NULL, NULL, 'hfutonline@163.com', '18855159051', 1, 1, 1, 'http://ucenter.hfutonline.net/avatar.php?uid=47675&size=middle', '2013-07-16 19:17:26', '2014-04-29 23:46:00', '172.16.11.163', 0, 2),
(60552, '糯米团子', '', NULL, NULL, 'hfutonline@163.com', '18256013273', 1, 1, 1, 'http://ucenter.hfutonline.net/avatar.php?uid=60552&size=middle', '2013-07-16 20:15:22', '2013-07-17 19:02:19', '172.16.35.226', 0, 2),
(44688, '许闪耀', '', NULL, NULL, 'hfutonline@163.com', '15155969675', 1, 1, 1, 'http://ucenter.hfutonline.net/avatar.php?uid=44688&size=middle', '2013-07-16 21:35:37', '2014-03-06 11:31:27', '172.16.23.92', 0, 2),
(62908, '夏之浅荇', '', NULL, NULL, 'hfutonline@163.com', '18225848572', 1, 1, 1, 'http://ucenter.hfutonline.net/avatar.php?uid=62908&size=middle', '2013-07-16 22:25:23', '2013-10-11 14:57:18', '172.16.18.33', 0, 2),
(62910, 'blank', '', NULL, NULL, 'hfutonline@163.com', '18715115850', 1, 1, 1, 'http://ucenter.hfutonline.net/avatar.php?uid=62910&size=middle', '2013-07-16 22:38:34', '2013-07-16 23:45:30', '120.209.206.22', 0, 2),
(62904, 'lrhjay', '', NULL, NULL, 'hfutonline@163.com', '15555131923', 1, 1, 1, 'http://ucenter.hfutonline.net/avatar.php?uid=62904&size=middle', '2013-07-16 23:05:38', '2014-06-23 22:18:44', '172.16.22.215', 0, 2),
(62911, '观门王', '', NULL, NULL, 'hfutonline@163.com', '13800000000', 1, 1, 1, 'http://ucenter.hfutonline.net/avatar.php?uid=62911&size=middle', '2013-07-16 23:13:57', '2013-07-16 23:17:42', '172.16.27.218', 0, 2),
(62909, '白衣飘飘', '', NULL, NULL, 'hfutonline@163.com', '13965073932', 1, 1, 1, 'http://ucenter.hfutonline.net/avatar.php?uid=62909&size=middle', '2013-07-16 23:19:23', '2013-07-16 23:48:09', '172.16.10.16', 0, 2),
(62912, '心竹', '', NULL, NULL, 'hfutonline@163.com', '15255112471', 1, 1, 1, 'http://ucenter.hfutonline.net/avatar.php?uid=62912&size=middle', '2013-07-16 23:25:57', '2013-07-17 23:50:48', '120.209.206.100', 0, 2),
(62915, 'Adur', '', NULL, NULL, 'hfutonline@163.com', '15395182083', 1, 1, 1, 'http://ucenter.hfutonline.net/avatar.php?uid=62915&size=middle', '2013-07-17 10:23:01', '2013-07-17 10:46:33', '36.7.189.216', 0, 2),
(60637, '飞土走肉', '', NULL, NULL, 'hfutonline@163.com', '15956937257', 1, 1, 1, 'http://ucenter.hfutonline.net/avatar.php?uid=60637&size=middle', '2013-07-17 12:39:45', '2013-12-15 22:48:55', '210.45.245.5', 0, 2),
(62917, '若娴', '', NULL, NULL, 'hfutonline@163.com', '15256958750', 1, 1, 1, 'http://ucenter.hfutonline.net/avatar.php?uid=62917&size=middle', '2013-07-17 12:56:02', '2013-07-17 14:51:49', '222.195.3.188', 0, 2),
(62918, '灵枫', '', NULL, NULL, 'hfutonline@163.com', '18356078873', 1, 1, 1, 'http://ucenter.hfutonline.net/avatar.php?uid=62918&size=middle', '2013-07-17 14:46:16', '2013-07-17 19:25:39', '222.195.3.188', 0, 2),
(62927, 'yumeiqi', '', NULL, NULL, 'hfutonline@163.com', '15212785660', 1, 1, 1, 'http://ucenter.hfutonline.net/avatar.php?uid=62927&size=middle', '2013-07-17 18:53:24', '2013-07-18 21:33:44', '120.209.206.231', 0, 2),
(62930, '豆浆机', '', NULL, NULL, 'hfutonline@163.com', '13800000000', 1, 1, 1, 'http://ucenter.hfutonline.net/avatar.php?uid=62930&size=middle', '2013-07-17 23:22:56', '2013-07-17 23:23:56', '222.195.10.4', 0, 2),
(62943, '濠梁晚风', '', NULL, NULL, 'hfutonline@163.com', '13800000000', 1, 1, 1, 'http://ucenter.hfutonline.net/avatar.php?uid=62943&size=middle', '2013-07-18 13:12:06', '2013-07-18 13:13:56', '36.7.176.185', 0, 2),
(53719, 'vv草帽男', '', NULL, NULL, 'hfutonline@163.com', '13800000000', 1, 1, 1, 'http://ucenter.hfutonline.net/avatar.php?uid=53719&size=middle', '2013-07-18 14:10:25', '2013-07-18 14:12:21', '210.45.245.5', 0, 2),
(62945, '我没有用户名', '', NULL, NULL, 'hfutonline@163.com', '13800000000', 1, 1, 1, 'http://ucenter.hfutonline.net/avatar.php?uid=62945&size=middle', '2013-07-18 14:56:16', '2013-07-18 15:00:44', '124.72.241.40', 0, 2),
(53916, '20101339', '', NULL, NULL, 'hfutonline@163.com', '13800000000', 1, 1, 1, 'http://ucenter.hfutonline.net/avatar.php?uid=53916&size=middle', '2013-07-19 21:02:19', '2013-07-19 21:05:29', '10.16.31.114', 0, 2),
(62974, '20105924', '', NULL, NULL, 'hfutonline@163.com', '18255188286', 1, 1, 1, 'http://ucenter.hfutonline.net/avatar.php?uid=62974&size=middle', '2013-07-20 16:29:37', '2013-07-20 16:44:58', '172.16.8.39', 0, 2),
(63004, '康kiki7', '', NULL, NULL, 'hfutonline@163.com', '13800000000', 1, 1, 1, 'http://ucenter.hfutonline.net/avatar.php?uid=63004&size=middle', '2013-07-22 22:56:32', '2013-07-22 23:00:16', '172.16.32.24', 0, 2),
(55627, '翁伟俊', '', NULL, NULL, 'hfutonline@163.com', '13800000000', 1, 1, 1, 'http://ucenter.hfutonline.net/avatar.php?uid=55627&size=middle', '2013-07-23 21:42:50', '2013-07-23 21:43:20', '172.16.29.143', 0, 2),
(63049, '杰伊', '', NULL, NULL, 'hfutonline@163.com', '13800000000', 1, 1, 1, 'http://ucenter.hfutonline.net/avatar.php?uid=63049&size=middle', '2013-07-25 13:00:31', '2013-07-25 13:02:15', '210.45.251.22', 0, 2),
(63061, 'XXB1234', '', NULL, NULL, 'hfutonline@163.com', '13800000000', 1, 1, 1, 'http://ucenter.hfutonline.net/avatar.php?uid=63061&size=middle', '2013-07-26 08:48:06', '2013-07-26 08:49:05', '172.16.46.238', 0, 2),
(63076, '张印', '', NULL, NULL, 'hfutonline@163.com', '13800000000', 1, 1, 1, 'http://ucenter.hfutonline.net/avatar.php?uid=63076&size=middle', '2013-07-27 21:48:24', '2013-09-12 21:40:53', '36.32.49.172', 0, 2),
(42882, 'spy121', '', NULL, NULL, 'hfutonline@163.com', '13800000000', 1, 1, 1, 'http://ucenter.hfutonline.net/avatar.php?uid=42882&size=middle', '2013-07-28 09:25:41', '2013-07-28 09:26:40', '10.16.2.59', 0, 2),
(53970, '源氏唔语', '', NULL, NULL, 'hfutonline@163.com', '15955168856', 1, 1, 1, 'http://ucenter.hfutonline.net/avatar.php?uid=53970&size=middle', '2013-07-29 16:49:18', '2014-02-21 22:38:43', '112.64.170.38', 0, 2),
(63129, '478894154', '', NULL, NULL, 'hfutonline@163.com', '13800000000', 1, 1, 1, 'http://ucenter.hfutonline.net/avatar.php?uid=63129&size=middle', '2013-07-31 09:00:17', '2013-07-31 09:42:12', '183.22.117.130', 0, 2),
(62774, '小小浪', '', NULL, NULL, 'hfutonline@163.com', '15922428287', 1, 1, 1, 'http://ucenter.hfutonline.net/avatar.php?uid=62774&size=middle', '2013-08-01 20:08:57', '2013-10-14 18:09:08', '210.45.245.5', 0, 2),
(63178, 'kimj', '', NULL, NULL, 'hfutonline@163.com', '13800000000', 1, 1, 1, 'http://ucenter.hfutonline.net/avatar.php?uid=63178&size=middle', '2013-08-04 22:41:01', '2013-08-04 22:41:12', '183.4.69.203', 0, 2),
(63217, 'kongly_521', '', NULL, NULL, 'hfutonline@163.com', '13800000000', 1, 1, 1, 'http://ucenter.hfutonline.net/avatar.php?uid=63217&size=middle', '2013-08-06 23:40:23', '2013-08-06 23:41:19', '10.16.37.62', 0, 2),
(63218, '小伙子', '', NULL, NULL, 'hfutonline@163.com', '13800000000', 1, 1, 1, 'http://ucenter.hfutonline.net/avatar.php?uid=63218&size=middle', '2013-08-06 23:51:04', '2013-08-06 23:55:44', '221.232.106.183', 0, 2),
(57961, 'ciano', '', NULL, NULL, 'hfutonline@163.com', '13800000000', 1, 1, 1, 'http://ucenter.hfutonline.net/avatar.php?uid=57961&size=middle', '2013-08-08 00:37:56', '2014-03-17 11:23:51', '210.38.1.84', 0, 2),
(63260, 'cosysmile', '', NULL, NULL, 'hfutonline@163.com', '13800000000', 1, 1, 1, 'http://ucenter.hfutonline.net/avatar.php?uid=63260&size=middle', '2013-08-10 17:01:46', '2013-08-10 17:03:09', '61.163.156.62', 0, 2),
(63264, 'haohq0519', '', NULL, NULL, 'hfutonline@163.com', '13800000000', 1, 1, 1, 'http://ucenter.hfutonline.net/avatar.php?uid=63264&size=middle', '2013-08-11 04:25:36', '2014-02-12 19:08:29', '121.30.151.235', 0, 2),
(63298, 'goog_child', '', NULL, NULL, 'hfutonline@163.com', '18756032464', 1, 1, 1, 'http://ucenter.hfutonline.net/avatar.php?uid=63298&size=middle', '2013-08-13 23:39:57', '2013-12-21 15:14:52', '60.9.42.71', 0, 2),
(63365, 'zhouyi', '', NULL, NULL, 'hfutonline@163.com', '15155127372', 1, 1, 1, 'http://ucenter.hfutonline.net/avatar.php?uid=63365&size=middle', '2013-08-17 13:08:44', '2013-12-16 10:39:30', '10.16.13.25', 0, 2),
(63368, '胸毛拂面', '', NULL, NULL, 'hfutonline@163.com', '13800000000', 1, 1, 1, 'http://ucenter.hfutonline.net/avatar.php?uid=63368&size=middle', '2013-08-17 16:25:48', '2013-08-17 16:30:22', '183.3.191.239', 0, 2),
(57329, 'hfutdqq', '', NULL, NULL, 'hfutonline@163.com', '13800000000', 1, 1, 1, 'http://ucenter.hfutonline.net/avatar.php?uid=57329&size=middle', '2013-08-22 12:56:20', '2013-08-22 12:57:29', '117.88.149.229', 0, 2),
(60469, '梦秋鸿', '', NULL, NULL, 'hfutonline@163.com', '13800000000', 1, 1, 1, 'http://ucenter.hfutonline.net/avatar.php?uid=60469&size=middle', '2013-08-24 17:43:58', '2013-09-13 21:27:07', '172.16.46.209', 0, 2),
(3543, 'alang', '', NULL, NULL, 'hfutonline@163.com', '13800000000', 1, 1, 1, 'http://ucenter.hfutonline.net/avatar.php?uid=3543&size=middle', '2013-08-24 20:20:06', '2013-06-01 00:00:00', '121.8.49.93', 0, 2),
(40477, '20100250', '', NULL, NULL, 'hfutonline@163.com', '13800000000', 1, 1, 1, 'http://ucenter.hfutonline.net/avatar.php?uid=40477&size=middle', '2013-08-24 22:49:50', '2013-08-24 22:55:59', '10.16.12.166', 0, 2),
(57408, '茂茂', '', NULL, NULL, 'hfutonline@163.com', '13800000000', 1, 1, 1, 'http://ucenter.hfutonline.net/avatar.php?uid=57408&size=middle', '2013-08-29 20:14:14', '2013-08-29 21:03:45', '172.16.29.153', 0, 2),
(63226, 'feifeishiyi', '', NULL, NULL, 'hfutonline@163.com', '13800000000', 1, 1, 1, 'http://ucenter.hfutonline.net/avatar.php?uid=63226&size=middle', '2013-09-03 09:56:06', '2013-09-03 09:56:12', '120.90.175.55', 0, 2),
(57964, '朱俊', '', NULL, NULL, 'hfutonline@163.com', '13800000000', 1, 1, 1, 'http://ucenter.hfutonline.net/avatar.php?uid=57964&size=middle', '2013-09-03 11:22:50', '2014-01-06 19:34:18', '36.32.50.131', 0, 2),
(54783, 'lyom863', '', NULL, NULL, 'hfutonline@163.com', '13800000000', 1, 1, 1, 'http://ucenter.hfutonline.net/avatar.php?uid=54783&size=middle', '2013-09-06 13:12:13', '2013-09-06 13:20:55', '10.16.26.236', 0, 2),
(63600, '萄萄书吧', '', NULL, NULL, 'hfutonline@163.com', '', 1, 1, 1, 'http://ucenter.hfutonline.net/avatar.php?uid=63600&size=middle', '2013-09-09 19:25:33', '2013-09-11 17:23:58', '222.195.4.20', 0, 2),
(63617, '不是柯西', '', NULL, NULL, 'hfutonline@163.com', '13800000000', 1, 1, 1, 'http://ucenter.hfutonline.net/avatar.php?uid=63617&size=middle', '2013-09-10 15:16:25', '2013-09-10 15:33:26', '120.209.207.36', 0, 2),
(63621, 'qiyuhao7', '', NULL, NULL, 'hfutonline@163.com', '13800000000', 1, 1, 1, 'http://ucenter.hfutonline.net/avatar.php?uid=63621&size=middle', '2013-09-10 19:01:31', '2013-09-10 19:10:11', '120.209.207.32', 0, 2),
(44371, 'Dick的心', '', NULL, NULL, 'hfutonline@163.com', '13012345678', 1, 1, 1, 'http://ucenter.hfutonline.net/avatar.php?uid=44371&size=middle', '2013-09-10 19:11:10', '2014-01-28 11:15:47', '172.16.22.243', 0, 2),
(63622, '工设', '', NULL, NULL, 'hfutonline@163.com', '13800000000', 1, 1, 1, 'http://ucenter.hfutonline.net/avatar.php?uid=63622&size=middle', '2013-09-10 19:21:13', '2013-09-16 15:04:22', '172.16.20.120', 0, 2),
(63624, 'baobaoguai', '', NULL, NULL, 'hfutonline@163.com', '13645512620', 1, 1, 1, 'http://ucenter.hfutonline.net/avatar.php?uid=63624&size=middle', '2013-09-10 20:31:45', '2013-09-15 11:55:50', '120.209.206.175', 0, 2),
(63625, '小小雨歇', '', NULL, NULL, 'hfutonline@163.com', '15255164860', 1, 1, 1, 'http://ucenter.hfutonline.net/avatar.php?uid=63625&size=middle', '2013-09-10 21:31:03', '2013-09-10 21:36:04', '172.16.10.149', 0, 2),
(63627, '冷光', '', NULL, NULL, 'hfutonline@163.com', '18756088801', 1, 1, 1, 'http://ucenter.hfutonline.net/avatar.php?uid=63627&size=middle', '2013-09-10 22:08:05', '2013-09-10 23:13:43', '172.16.11.190', 0, 2),
(63629, 'Mellion', '', NULL, NULL, 'hfutonline@163.com', '15240036181', 1, 1, 1, 'http://ucenter.hfutonline.net/avatar.php?uid=63629&size=middle', '2013-09-10 23:51:39', '2013-09-13 10:32:16', '172.16.11.190', 0, 2),
(63637, 'xielaoda', '', NULL, NULL, 'hfutonline@163.com', '13800000000', 1, 1, 1, 'http://ucenter.hfutonline.net/avatar.php?uid=63637&size=middle', '2013-09-11 10:58:41', '2013-09-11 11:22:35', '10.16.7.181', 0, 2),
(63638, '暂时大二', '', NULL, NULL, 'hfutonline@163.com', '18756053787', 1, 1, 1, 'http://ucenter.hfutonline.net/avatar.php?uid=63638&size=middle', '2013-09-11 13:36:07', '2015-03-03 10:49:10', '36.32.21.11', 0, 2),
(63648, 'J.T.Richard', '', NULL, NULL, 'hfutonline@163.com', '', 1, 1, 1, 'http://ucenter.hfutonline.net/avatar.php?uid=63648&size=middle', '2013-09-11 22:49:55', '2013-09-12 12:51:48', '36.7.170.173', 0, 2),
(63650, '睿仔', '', NULL, NULL, 'hfutonline@163.com', '18715003351', 1, 1, 1, 'http://ucenter.hfutonline.net/avatar.php?uid=63650&size=middle', '2013-09-11 23:31:32', '2014-06-10 13:32:40', '10.16.14.140', 0, 2),
(63651, '谢力争', '', NULL, NULL, 'hfutonline@163.com', '15155183566', 1, 1, 1, 'http://ucenter.hfutonline.net/avatar.php?uid=63651&size=middle', '2013-09-12 00:12:07', '2013-09-12 00:16:20', '36.32.18.60', 0, 2),
(63652, '仙境瀑布', '', NULL, NULL, 'hfutonline@163.com', '13800000000', 1, 1, 1, 'http://ucenter.hfutonline.net/avatar.php?uid=63652&size=middle', '2013-09-12 08:20:42', '2013-09-12 12:32:05', '120.209.206.9', 0, 2),
(63653, '今天吹着风', '', NULL, NULL, 'hfutonline@163.com', '13800000000', 1, 1, 1, 'http://ucenter.hfutonline.net/avatar.php?uid=63653&size=middle', '2013-09-12 09:46:31', '2013-09-12 09:49:42', '10.16.37.219', 0, 2),
(63661, '猫果糖', '', NULL, NULL, 'hfutonline@163.com', '13800000000', 1, 1, 1, 'http://ucenter.hfutonline.net/avatar.php?uid=63661&size=middle', '2013-09-12 16:38:02', '2013-09-12 16:39:30', '172.16.11.161', 0, 2),
(63665, 'mingyunxl', '', NULL, NULL, 'hfutonline@163.com', '18285265495', 1, 1, 1, 'http://ucenter.hfutonline.net/avatar.php?uid=63665&size=middle', '2013-09-12 18:24:03', '2013-09-22 09:04:25', '172.16.22.88', 0, 2),
(63668, 'star714', '', NULL, NULL, 'hfutonline@163.com', '15656080077', 1, 1, 1, 'http://ucenter.hfutonline.net/avatar.php?uid=63668&size=middle', '2013-09-12 21:05:39', '2013-09-19 12:12:24', '172.16.8.252', 0, 2),
(63670, '银色子弹', '', NULL, NULL, 'hfutonline@163.com', '13800000000', 1, 1, 1, 'http://ucenter.hfutonline.net/avatar.php?uid=63670&size=middle', '2013-09-12 21:34:18', '2013-09-12 21:37:25', '114.97.45.35', 0, 2),
(63710, 'cjp', '', NULL, NULL, 'hfutonline@163.com', '13800000000', 1, 1, 1, 'http://ucenter.hfutonline.net/avatar.php?uid=63710', '2013-09-15 11:43:42', '2013-09-15 12:30:31', '', 0, 2),
(28309, 'liujing', '', NULL, NULL, 'hfutonline@163.com', '13800000000', 1, 1, 1, 'http://ucenter.hfutonline.net/avatar.php?uid=28309', '2013-09-15 19:28:38', '2013-10-20 10:08:47', '', 0, 2),
(54387, 'dpriest', '', NULL, NULL, 'hfutonline@163.com', '13800000000', 1, 1, 1, 'http://ucenter.hfutonline.net/avatar.php?uid=54387', '2013-09-16 15:54:13', '2013-09-16 15:54:18', '', 0, 2),
(63765, 'estq', '', NULL, NULL, 'hfutonline@163.com', '13111111111', 1, 1, 1, 'http://ucenter.hfutonline.net/avatar.php?uid=63765', '2013-09-18 23:54:52', '2013-09-19 00:20:14', '', 0, 2),
(63766, 'lilu1992', '', NULL, NULL, 'hfutonline@163.com', '13800000000', 1, 1, 1, 'http://ucenter.hfutonline.net/avatar.php?uid=63766', '2013-09-19 00:58:47', '2013-09-19 00:58:53', '', 0, 2),
(63778, '松弛熊', '', NULL, NULL, 'hfutonline@163.com', '13800000000', 1, 1, 1, 'http://ucenter.hfutonline.net/avatar.php?uid=63778', '2013-09-20 11:32:25', '2013-09-20 11:34:26', '', 0, 2),
(63788, '不懂', '', NULL, NULL, 'hfutonline@163.com', '13800000000', 1, 1, 1, 'http://ucenter.hfutonline.net/avatar.php?uid=63788', '2013-09-21 15:33:49', '2013-09-21 15:34:31', '', 0, 2),
(63794, '824594227', '', NULL, NULL, 'hfutonline@163.com', '13800000000', 1, 1, 1, 'http://ucenter.hfutonline.net/avatar.php?uid=63794', '2013-09-21 20:58:37', '2013-09-22 00:08:36', '', 0, 2),
(63796, '快乐的小二B', '', NULL, NULL, 'hfutonline@163.com', '13800000000', 1, 1, 1, 'http://ucenter.hfutonline.net/avatar.php?uid=63796', '2013-09-21 23:01:58', '2014-03-23 22:55:16', '', 0, 2),
(57004, 'lynaruto', '', NULL, NULL, 'hfutonline@163.com', '13800000000', 1, 1, 1, 'http://ucenter.hfutonline.net/avatar.php?uid=57004', '2013-09-22 17:58:29', '2013-09-22 17:58:29', '', 0, 2),
(63819, '云逍霁月', '', NULL, NULL, 'hfutonline@163.com', '18225835853', 1, 1, 1, 'http://ucenter.hfutonline.net/avatar.php?uid=63819', '2013-09-25 13:02:01', '2014-05-18 20:23:07', '', 0, 2),
(63839, '理理', '', NULL, NULL, 'hfutonline@163.com', '13800000000', 1, 1, 1, 'http://ucenter.hfutonline.net/avatar.php?uid=63839', '2013-09-25 16:14:14', '2013-10-28 17:09:52', '', 0, 2),
(1, 'admin', '', NULL, NULL, 'hfutonline@163.com', '13800000000', 1, 1, 1, 'http://ucenter.hfutonline.net/avatar.php?uid=1', '2013-09-27 18:25:57', '2014-12-04 10:15:13', '', 0, 2),
(63866, '20114982', '', NULL, NULL, 'hfutonline@163.com', '13800000000', 1, 1, 1, 'http://ucenter.hfutonline.net/avatar.php?uid=63866', '2013-09-28 15:41:49', '2013-09-28 16:58:10', '', 0, 2),
(60102, '信悌', '', NULL, NULL, 'hfutonline@163.com', '13800000000', 1, 1, 1, 'http://ucenter.hfutonline.net/avatar.php?uid=60102', '2013-10-02 15:11:03', '2013-11-08 22:12:21', '', 0, 2),
(61639, '虚地之云', '', NULL, NULL, 'hfutonline@163.com', '13800000000', 1, 1, 1, 'http://ucenter.hfutonline.net/avatar.php?uid=61639', '2013-10-05 23:30:42', '2013-10-05 23:49:57', '', 0, 2),
(63672, 'lynlfmx', '', NULL, NULL, 'hfutonline@163.com', '13800000000', 1, 1, 1, 'http://ucenter.hfutonline.net/avatar.php?uid=63672', '2013-10-07 17:45:10', '2013-10-07 17:45:10', '', 0, 2),
(63619, '卢村委', '', NULL, NULL, 'hfutonline@163.com', '13800000000', 1, 1, 1, 'http://ucenter.hfutonline.net/avatar.php?uid=63619', '2013-10-07 20:44:36', '2013-10-07 20:44:36', '', 0, 2),
(61373, '测试用户', '', NULL, NULL, 'hfutonline@163.com', '13800000000', 1, 1, 1, 'http://ucenter.hfutonline.net/avatar.php?uid=61373', '2013-10-09 11:57:33', '2013-10-09 11:57:48', '', 0, 2),
(63963, 'Suzanne', '', NULL, NULL, 'hfutonline@163.com', '18256911186', 1, 1, 1, 'http://ucenter.hfutonline.net/avatar.php?uid=63963', '2013-10-10 15:43:14', '2013-10-28 09:46:14', '', 0, 2),
(63965, 'dsfsdf', '', NULL, NULL, 'hfutonline@163.com', '13800000000', 1, 1, 1, 'http://ucenter.hfutonline.net/avatar.php?uid=63965', '2013-10-10 18:53:32', '2013-10-10 18:53:32', '', 0, 2),
(63978, 'li3017545', '', NULL, NULL, 'hfutonline@163.com', '13800000000', 1, 1, 1, 'http://ucenter.hfutonline.net/avatar.php?uid=63978', '2013-10-12 11:05:47', '2013-10-12 20:31:45', '', 0, 2),
(63987, '可惜不是你', '', NULL, NULL, 'hfutonline@163.com', '13800000000', 1, 1, 1, 'http://ucenter.hfutonline.net/avatar.php?uid=63987', '2013-10-13 11:48:55', '2013-10-13 12:15:57', '', 0, 2),
(63682, '随遇而安', '', NULL, NULL, 'hfutonline@163.com', '13800000000', 1, 1, 1, 'http://ucenter.hfutonline.net/avatar.php?uid=63682', '2013-10-13 18:32:17', '2014-03-01 16:28:24', '', 0, 2),
(64018, '春城飞花', '', NULL, NULL, 'hfutonline@163.com', '13800000000', 1, 1, 1, 'http://ucenter.hfutonline.net/avatar.php?uid=64018', '2013-10-15 17:20:24', '2013-10-15 17:22:04', '', 0, 2),
(56605, 'Yicye', '', NULL, NULL, 'hfutonline@163.com', '15856987226', 1, 1, 1, 'http://ucenter.hfutonline.net/avatar.php?uid=56605', '2013-10-15 18:18:58', '2014-12-05 10:20:08', '', 0, 2),
(60348, 'wo1493423031', '', NULL, NULL, 'hfutonline@163.com', '13800000000', 1, 1, 1, 'http://ucenter.hfutonline.net/avatar.php?uid=60348', '2013-10-18 10:27:34', '2014-10-09 14:59:02', '', 0, 2),
(64051, 'tb6931211', '', NULL, NULL, 'hfutonline@163.com', '15956931211', 1, 1, 1, 'http://ucenter.hfutonline.net/avatar.php?uid=64051', '2013-10-19 14:47:36', '2014-04-30 12:43:12', '', 0, 2),
(64069, 'year布丁小伯爵', '', NULL, NULL, 'hfutonline@163.com', '13965083953', 1, 1, 1, 'http://ucenter.hfutonline.net/avatar.php?uid=64069', '2013-10-20 20:29:36', '2013-12-27 10:34:42', '', 0, 2),
(64073, 'imxqd', '', NULL, NULL, 'hfutonline@163.com', '13800000000', 1, 1, 1, 'http://ucenter.hfutonline.net/avatar.php?uid=64073', '2013-10-21 10:21:26', '2013-10-21 10:21:53', '', 0, 2),
(64078, 'miumiu', '', NULL, NULL, 'hfutonline@163.com', '13800000000', 1, 1, 1, 'http://ucenter.hfutonline.net/avatar.php?uid=64078', '2013-10-21 17:59:36', '2013-12-24 22:51:33', '', 0, 2),
(60602, '忧郁的树', '', NULL, NULL, 'hfutonline@163.com', '13800000000', 1, 1, 1, 'http://ucenter.hfutonline.net/avatar.php?uid=60602', '2013-10-21 19:30:27', '2013-12-19 21:50:49', '', 0, 2),
(61048, '小鬼骑士', '', NULL, NULL, 'hfutonline@163.com', '13800000000', 1, 1, 1, 'http://ucenter.hfutonline.net/avatar.php?uid=61048', '2013-10-22 01:31:55', '2013-10-22 01:32:02', '', 0, 2),
(64089, 'bingquan3846', '', NULL, NULL, 'hfutonline@163.com', '13800000000', 1, 1, 1, 'http://ucenter.hfutonline.net/avatar.php?uid=64089', '2013-10-22 17:56:02', '2013-10-22 17:57:13', '', 0, 2),
(53755, '幽灵侍者', '', NULL, NULL, 'hfutonline@163.com', '13800000000', 1, 1, 1, 'http://ucenter.hfutonline.net/avatar.php?uid=53755', '2013-10-22 23:17:42', '2014-04-27 19:44:52', '', 0, 2),
(63662, 'sscsm', '', NULL, NULL, 'hfutonline@163.com', '13800000000', 1, 1, 1, 'http://ucenter.hfutonline.net/avatar.php?uid=63662', '2013-10-23 09:46:23', '2015-05-05 20:09:20', '', 0, 2),
(64170, 'adii88', '', NULL, NULL, 'hfutonline@163.com', '13800000000', 1, 1, 1, 'http://ucenter.hfutonline.net/avatar.php?uid=64170', '2013-10-24 18:18:50', '2013-10-24 18:21:28', '', 0, 2),
(64185, '甘小喵', '', NULL, NULL, 'hfutonline@163.com', '13800000000', 1, 1, 1, 'http://ucenter.hfutonline.net/avatar.php?uid=64185', '2013-10-24 21:45:53', '2013-10-24 22:10:17', '', 0, 2),
(63894, '跳跃者', '', NULL, NULL, 'hfutonline@163.com', '13800000000', 1, 1, 1, 'http://ucenter.hfutonline.net/avatar.php?uid=63894', '2013-10-24 22:12:24', '2014-11-06 16:19:12', '', 0, 2),
(64101, '赏味期限--', '', NULL, NULL, 'hfutonline@163.com', '13800000000', 1, 1, 1, 'http://ucenter.hfutonline.net/avatar.php?uid=64101', '2013-10-25 10:50:45', '2013-12-17 09:42:23', '', 0, 2),
(64198, '@@@@', '', NULL, NULL, 'hfutonline@163.com', '13800000000', 1, 1, 1, 'http://ucenter.hfutonline.net/avatar.php?uid=64198', '2013-10-25 13:48:50', '2013-10-25 13:48:50', '', 0, 2),
(44517, 'wills', '', NULL, NULL, 'hfutonline@163.com', '13800000000', 1, 1, 1, 'http://ucenter.hfutonline.net/avatar.php?uid=44517', '2013-10-26 22:27:32', '2014-04-29 09:45:49', '', 0, 2),
(64226, 'wsqat', '', NULL, NULL, 'hfutonline@163.com', '13800000000', 1, 1, 1, 'http://ucenter.hfutonline.net/avatar.php?uid=64226', '2013-10-26 23:51:31', '2013-10-26 23:56:07', '', 0, 2),
(64326, 'qdhqcp', '', NULL, NULL, 'hfutonline@163.com', '13800000000', 1, 1, 1, 'http://ucenter.hfutonline.net/avatar.php?uid=64326', '2013-10-29 20:30:32', '2013-11-13 22:49:49', '', 0, 2),
(64374, '王飞', '', NULL, NULL, 'hfutonline@163.com', '13800000000', 1, 1, 1, 'http://ucenter.hfutonline.net/avatar.php?uid=64374', '2013-11-02 19:36:41', '2013-11-02 19:37:56', '', 0, 2),
(64016, 'solo_sky', '', NULL, NULL, 'hfutonline@163.com', '18755119828', 1, 1, 1, 'http://ucenter.hfutonline.net/avatar.php?uid=64016', '2013-11-03 17:36:26', '2014-11-02 21:02:19', '', 0, 2),
(64405, '曾清龙', '', NULL, NULL, 'hfutonline@163.com', '13800000000', 1, 1, 1, 'http://ucenter.hfutonline.net/avatar.php?uid=64405', '2013-11-05 14:55:41', '2013-11-05 15:03:28', '', 0, 2),
(63700, 'zhujinxiao', '', NULL, NULL, 'hfutonline@163.com', '13800000000', 1, 1, 1, 'http://ucenter.hfutonline.net/avatar.php?uid=63700', '2013-11-05 23:16:28', '2013-11-05 23:17:25', '', 0, 2),
(64420, 'xiangshangzr', '', NULL, NULL, 'hfutonline@163.com', '13800000000', 1, 1, 1, 'http://ucenter.hfutonline.net/avatar.php?uid=64420', '2013-11-07 10:16:54', '2013-11-07 16:15:42', '', 0, 2),
(64422, '笨鸟先飞', '', NULL, NULL, 'hfutonline@163.com', '13800000000', 1, 1, 1, 'http://ucenter.hfutonline.net/avatar.php?uid=64422', '2013-11-07 14:50:15', '2013-11-07 14:51:06', '', 0, 2),
(64424, 'zhongzhiying', '', NULL, NULL, 'hfutonline@163.com', '13800000000', 1, 1, 1, 'http://ucenter.hfutonline.net/avatar.php?uid=64424', '2013-11-07 22:39:42', '2013-11-07 22:42:00', '', 0, 2),
(63401, '一朵苦瓜', '', NULL, NULL, 'hfutonline@163.com', '15656945590', 1, 1, 1, 'http://ucenter.hfutonline.net/avatar.php?uid=63401', '2013-11-08 21:41:08', '2015-05-10 12:50:30', '', 0, 2),
(58573, '爱好萝莉的大叔', '', NULL, NULL, 'hfutonline@163.com', '13800000000', 1, 1, 1, 'http://ucenter.hfutonline.net/avatar.php?uid=58573', '2013-11-12 18:33:15', '2013-11-12 18:36:20', '', 0, 2),
(64466, 'hgdfwr92714', '', NULL, NULL, 'hfutonline@163.com', '13800000000', 1, 1, 1, 'http://ucenter.hfutonline.net/avatar.php?uid=64466', '2013-11-12 21:36:36', '2014-04-28 12:40:14', '', 0, 2),
(64474, '不哭不闹', '', NULL, NULL, 'hfutonline@163.com', '13800000000', 1, 1, 1, 'http://ucenter.hfutonline.net/avatar.php?uid=64474', '2013-11-13 10:08:57', '2013-11-13 10:08:57', '', 0, 2),
(64503, 'metric2013', '', NULL, NULL, 'hfutonline@163.com', '13800000000', 1, 1, 1, 'http://ucenter.hfutonline.net/avatar.php?uid=64503', '2013-11-15 22:39:19', '2013-11-15 22:40:17', '', 0, 2),
(64519, '机械徐', '', NULL, NULL, 'hfutonline@163.com', '18155164896', 1, 1, 1, 'http://ucenter.hfutonline.net/avatar.php?uid=64519', '2013-11-16 22:48:54', '2015-03-11 00:29:44', '', 0, 2),
(64544, '20090019', '', NULL, NULL, 'hfutonline@163.com', '13800000000', 1, 1, 1, 'http://ucenter.hfutonline.net/avatar.php?uid=64544', '2013-11-19 13:14:28', '2013-11-19 13:14:28', '', 0, 2),
(63988, 'keep.one', '', NULL, NULL, 'hfutonline@163.com', '13800000000', 1, 1, 1, 'http://ucenter.hfutonline.net/avatar.php?uid=63988', '2013-11-20 22:03:22', '2014-06-13 01:12:52', '', 0, 2),
(63697, '笑笑cxp', '', NULL, NULL, 'hfutonline@163.com', '13800000000', 1, 1, 1, 'http://ucenter.hfutonline.net/avatar.php?uid=63697', '2013-11-21 17:39:26', '2014-07-08 22:10:44', '', 0, 2),
(64690, 'weina', '', NULL, NULL, 'hfutonline@163.com', '13800000000', 1, 1, 1, 'http://ucenter.hfutonline.net/avatar.php?uid=64690', '2013-11-25 20:24:15', '2014-03-07 14:17:30', '', 0, 2),
(64680, '卡卡昆', '', NULL, NULL, 'hfutonline@163.com', '13800000000', 1, 1, 1, 'http://ucenter.hfutonline.net/avatar.php?uid=64680', '2013-11-25 21:15:59', '2013-11-25 21:16:19', '', 0, 2),
(50396, '吴能google', '', NULL, NULL, 'hfutonline@163.com', '13800000000', 1, 1, 1, 'http://ucenter.hfutonline.net/avatar.php?uid=50396', '2013-11-26 21:37:04', '2013-11-26 21:37:53', '', 0, 2),
(64719, 'utahxu', '', NULL, NULL, 'hfutonline@163.com', '13800000000', 1, 1, 1, 'http://ucenter.hfutonline.net/avatar.php?uid=64719', '2013-11-28 00:12:08', '2013-11-28 00:12:16', '', 0, 2),
(37775, '斛夏', '', NULL, NULL, 'hfutonline@163.com', '13800000000', 1, 1, 1, 'http://ucenter.hfutonline.net/avatar.php?uid=37775', '2013-11-28 15:10:19', '2013-11-28 15:13:15', '', 0, 2),
(64732, 'wudixiaoshi', '', NULL, NULL, 'hfutonline@163.com', '15856908560', 1, 1, 1, 'http://ucenter.hfutonline.net/avatar.php?uid=64732', '2013-11-29 13:03:38', '2013-11-29 13:15:04', '', 0, 2),
(64733, 'wuhuanyu', '', NULL, NULL, 'hfutonline@163.com', '13800000000', 1, 1, 1, 'http://ucenter.hfutonline.net/avatar.php?uid=64733', '2013-11-29 18:57:10', '2013-11-29 18:57:10', '', 0, 2),
(64743, '浅笑无痕', '', NULL, NULL, 'hfutonline@163.com', '13800000000', 1, 1, 1, 'http://ucenter.hfutonline.net/avatar.php?uid=64743', '2013-12-01 14:57:38', '2013-12-01 14:57:40', '', 0, 2),
(64750, '小棠飞雁', '', NULL, NULL, 'hfutonline@163.com', '13800000000', 1, 1, 1, 'http://ucenter.hfutonline.net/avatar.php?uid=64750', '2013-12-02 11:07:54', '2013-12-02 11:09:41', '', 0, 2),
(64754, 'cangsong4444', '', NULL, NULL, 'hfutonline@163.com', '13800000000', 1, 1, 1, 'http://ucenter.hfutonline.net/avatar.php?uid=64754', '2013-12-02 15:54:12', '2013-12-02 15:54:19', '', 0, 2),
(64803, 'VFLY', '', NULL, NULL, 'hfutonline@163.com', '13800000000', 1, 1, 1, 'http://ucenter.hfutonline.net/avatar.php?uid=64803', '2013-12-05 16:49:59', '2013-12-05 16:53:10', '', 0, 2),
(64829, '红海', '', NULL, NULL, 'hfutonline@163.com', '13800000000', 1, 1, 1, 'http://ucenter.hfutonline.net/avatar.php?uid=64829', '2013-12-07 21:37:56', '2013-12-07 21:43:01', '', 0, 2),
(64837, '林小燕', '', NULL, NULL, 'hfutonline@163.com', '13800000000', 1, 1, 1, 'http://ucenter.hfutonline.net/avatar.php?uid=64837', '2013-12-08 20:28:05', '2013-12-08 20:30:12', '', 0, 2),
(64845, '米尔小萨普', '', NULL, NULL, 'hfutonline@163.com', '13800000000', 1, 1, 1, 'http://ucenter.hfutonline.net/avatar.php?uid=64845', '2013-12-09 22:20:28', '2013-12-09 22:21:28', '', 0, 2),
(64861, '容若', '', NULL, NULL, 'hfutonline@163.com', '13800000000', 1, 1, 1, 'http://ucenter.hfutonline.net/avatar.php?uid=64861', '2013-12-11 21:32:57', '2013-12-11 21:38:44', '', 0, 2),
(64863, '嘟嘟......', '', NULL, NULL, 'hfutonline@163.com', '13800000000', 1, 1, 1, 'http://ucenter.hfutonline.net/avatar.php?uid=64863', '2013-12-11 21:49:36', '2013-12-11 21:50:59', '', 0, 2),
(55916, '尹剑飘鸿', '', NULL, NULL, 'hfutonline@163.com', '13800000000', 1, 1, 1, 'http://ucenter.hfutonline.net/avatar.php?uid=55916', '2013-12-11 23:25:31', '2014-11-20 21:49:19', '', 0, 2),
(64865, '小坚持', '', NULL, NULL, 'hfutonline@163.com', '15156684305', 1, 1, 1, 'http://ucenter.hfutonline.net/avatar.php?uid=64865', '2013-12-12 01:27:32', '2013-12-12 01:35:59', '', 0, 2),
(37157, '雨泪', '', NULL, NULL, 'hfutonline@163.com', '13800000000', 1, 1, 1, 'http://ucenter.hfutonline.net/avatar.php?uid=37157', '2013-12-15 13:26:10', '2013-12-15 13:32:33', '', 0, 2),
(20581, 'yxb520166', '', NULL, NULL, 'hfutonline@163.com', '13800000000', 1, 1, 1, 'http://ucenter.hfutonline.net/avatar.php?uid=20581', '2013-12-16 16:08:53', '2013-12-16 16:08:53', '', 0, 2),
(55730, '。。你猜', '', NULL, NULL, 'hfutonline@163.com', '13800000000', 1, 1, 1, 'http://ucenter.hfutonline.net/avatar.php?uid=55730', '2013-12-18 15:38:29', '2013-12-18 15:39:08', '', 0, 2),
(60638, 'wuling', '', NULL, NULL, 'hfutonline@163.com', '13800000000', 1, 1, 1, 'http://ucenter.hfutonline.net/avatar.php?uid=60638', '2013-12-19 14:28:12', '2014-05-11 10:10:55', '', 0, 2),
(64972, '1609599701', '', NULL, NULL, 'hfutonline@163.com', '13800000000', 1, 1, 1, 'http://ucenter.hfutonline.net/avatar.php?uid=64972', '2013-12-20 02:23:47', '2013-12-20 02:26:27', '', 0, 2),
(64976, '想恋', '', NULL, NULL, 'hfutonline@163.com', '13800000000', 1, 1, 1, 'http://ucenter.hfutonline.net/avatar.php?uid=64976', '2013-12-20 13:32:08', '2013-12-20 13:32:12', '', 0, 2),
(64093, 'xiaoyi~~~', '', NULL, NULL, 'hfutonline@163.com', '13800000000', 1, 1, 1, 'http://ucenter.hfutonline.net/avatar.php?uid=64093', '2013-12-20 14:09:59', '2013-12-20 14:10:05', '', 0, 2),
(56970, 'qd1993102', '', NULL, NULL, 'hfutonline@163.com', '13800000000', 1, 1, 1, 'http://ucenter.hfutonline.net/avatar.php?uid=56970', '2013-12-20 23:52:31', '2015-05-04 20:45:42', '', 0, 2),
(64994, 'manager', '', NULL, NULL, 'hfutonline@163.com', '13800000000', 1, 1, 1, 'http://ucenter.hfutonline.net/avatar.php?uid=64994', '2013-12-21 00:43:08', '2013-12-21 00:45:36', '', 0, 2),
(65022, 'zhangqi3124', '', NULL, NULL, 'hfutonline@163.com', '15255107751', 1, 1, 1, 'http://ucenter.hfutonline.net/avatar.php?uid=65022', '2013-12-21 19:46:42', '2013-12-21 19:58:22', '', 0, 2),
(65029, '复盛公wolf', '', NULL, NULL, 'hfutonline@163.com', '13800000000', 1, 1, 1, 'http://ucenter.hfutonline.net/avatar.php?uid=65029', '2013-12-22 01:08:37', '2015-05-10 12:32:07', '', 0, 2),
(65040, 'wangenyu', '', NULL, NULL, 'hfutonline@163.com', '13800000000', 1, 1, 1, 'http://ucenter.hfutonline.net/avatar.php?uid=65040', '2013-12-22 15:19:41', '2013-12-22 15:22:44', '', 0, 2),
(65090, '大玩家', '', NULL, NULL, 'hfutonline@163.com', '13800000000', 1, 1, 1, 'http://ucenter.hfutonline.net/avatar.php?uid=65090', '2013-12-24 13:13:45', '2013-12-24 13:13:45', '', 0, 2),
(65114, 'wenfish', '', NULL, NULL, 'hfutonline@163.com', '13800000000', 1, 1, 1, 'http://ucenter.hfutonline.net/avatar.php?uid=65114', '2013-12-25 15:49:58', '2013-12-25 15:49:58', '', 0, 2),
(64880, '梦落秋雨后', '', NULL, NULL, 'hfutonline@163.com', '13800000000', 1, 1, 1, 'http://ucenter.hfutonline.net/avatar.php?uid=64880', '2013-12-26 23:21:08', '2013-12-26 23:31:48', '', 0, 2),
(65162, 'faylo', '', NULL, NULL, 'hfutonline@163.com', '13800000000', 1, 1, 1, 'http://ucenter.hfutonline.net/avatar.php?uid=65162', '2013-12-27 12:41:31', '2013-12-27 12:44:28', '', 0, 2),
(58200, '苏家有狼', '', NULL, NULL, 'hfutonline@163.com', '13800000000', 1, 1, 1, 'http://ucenter.hfutonline.net/avatar.php?uid=58200', '2013-12-29 13:15:52', '2013-12-29 13:50:30', '', 0, 2),
(65241, '愤怒的蜗牛', '', NULL, NULL, 'hfutonline@163.com', '13800000000', 1, 1, 1, 'http://ucenter.hfutonline.net/avatar.php?uid=65241', '2013-12-30 15:06:27', '2013-12-30 15:07:24', '', 0, 2),
(65253, 'tlbwjl123', '', NULL, NULL, 'hfutonline@163.com', '18856307379', 1, 1, 1, 'http://ucenter.hfutonline.net/avatar.php?uid=65253', '2013-12-30 23:54:50', '2014-01-01 15:44:18', '', 0, 2),
(65274, 'wapy', '', NULL, NULL, 'hfutonline@163.com', '13800000000', 1, 1, 1, 'http://ucenter.hfutonline.net/avatar.php?uid=65274', '2013-12-31 18:11:26', '2013-12-31 18:11:54', '', 0, 2),
(65278, '走丢的门牙', '', NULL, NULL, 'hfutonline@163.com', '13800000000', 1, 1, 1, 'http://ucenter.hfutonline.net/avatar.php?uid=65278', '2014-01-01 01:03:50', '2014-01-01 01:04:30', '', 0, 2),
(65299, '迈阿密', '', NULL, NULL, 'hfutonline@163.com', '13800000000', 1, 1, 1, 'http://ucenter.hfutonline.net/avatar.php?uid=65299', '2014-01-01 21:04:53', '2014-01-01 21:06:05', '', 0, 2),
(65394, 'paoloo', '', NULL, NULL, 'hfutonline@163.com', '13800000000', 1, 1, 1, 'http://ucenter.hfutonline.net/avatar.php?uid=65394', '2014-01-05 23:46:08', '2014-01-05 23:46:08', '', 0, 2),
(58816, 'BrotherQi@ng', '', NULL, NULL, 'hfutonline@163.com', '15955166286', 1, 1, 1, 'http://ucenter.hfutonline.net/avatar.php?uid=58816', '2014-01-07 17:14:18', '2014-01-07 17:20:01', '', 0, 2),
(65432, '2012217727', '', NULL, NULL, 'hfutonline@163.com', '13800000000', 1, 1, 1, 'http://ucenter.hfutonline.net/avatar.php?uid=65432', '2014-01-07 17:51:06', '2014-01-07 17:51:48', '', 0, 2),
(65468, '决胜颠峰2', '', NULL, NULL, 'hfutonline@163.com', '13800000000', 1, 1, 1, 'http://ucenter.hfutonline.net/avatar.php?uid=65468', '2014-01-11 10:10:51', '2014-01-11 10:11:11', '', 0, 2),
(65483, '黍离麦秀', '', NULL, NULL, 'hfutonline@163.com', '13800000000', 1, 1, 1, 'http://ucenter.hfutonline.net/avatar.php?uid=65483', '2014-01-12 18:33:03', '2014-01-12 18:36:45', '', 0, 2),
(65623, 'Conqueror丿', '', NULL, NULL, 'hfutonline@163.com', '13800000000', 1, 1, 1, 'http://ucenter.hfutonline.net/avatar.php?uid=65623', '2014-01-28 13:26:53', '2014-01-28 13:29:20', '', 0, 2),
(65625, '菲菲', '', NULL, NULL, 'hfutonline@163.com', '13800000000', 1, 1, 1, 'http://ucenter.hfutonline.net/avatar.php?uid=65625', '2014-01-29 00:19:43', '2014-01-29 00:21:06', '', 0, 2),
(65646, 'Mary.S', '', NULL, NULL, 'hfutonline@163.com', '13800000000', 1, 1, 1, 'http://ucenter.hfutonline.net/avatar.php?uid=65646', '2014-02-03 11:01:46', '2014-02-03 13:42:34', '', 0, 2),
(65711, '似水清浅', '', NULL, NULL, 'hfutonline@163.com', '18256918788', 1, 1, 1, 'http://ucenter.hfutonline.net/avatar.php?uid=65711', '2014-02-17 10:13:05', '2014-02-17 10:17:26', '', 0, 2),
(65715, 'liliang2812038', '', NULL, NULL, 'hfutonline@163.com', '15555110896', 1, 1, 1, 'http://ucenter.hfutonline.net/avatar.php?uid=65715', '2014-02-18 10:01:43', '2014-02-18 10:42:05', '', 0, 2),
(54115, 'sunganyu', '', NULL, NULL, 'hfutonline@163.com', '13800000000', 1, 1, 1, 'http://ucenter.hfutonline.net/avatar.php?uid=54115', '2014-02-18 17:34:27', '2014-02-18 17:36:06', '', 0, 2),
(50132, 'fubendong', '', NULL, NULL, 'hfutonline@163.com', '13800000000', 1, 1, 1, 'http://ucenter.hfutonline.net/avatar.php?uid=50132', '2014-02-19 19:00:57', '2014-02-19 19:03:13', '', 0, 2),
(65736, 'gaogaoce1', '', NULL, NULL, 'hfutonline@163.com', '13800000000', 1, 1, 1, 'http://ucenter.hfutonline.net/avatar.php?uid=65736', '2014-02-20 18:36:15', '2014-02-20 18:37:52', '', 0, 2),
(49477, '毅雨云成', '', NULL, NULL, 'hfutonline@163.com', '13800000000', 1, 1, 1, 'http://ucenter.hfutonline.net/avatar.php?uid=49477', '2014-02-20 20:14:45', '2014-02-20 20:15:08', '', 0, 2),
(65738, '心有灵犀凝眸', '', NULL, NULL, 'hfutonline@163.com', '13800000000', 1, 1, 1, 'http://ucenter.hfutonline.net/avatar.php?uid=65738', '2014-02-20 21:44:58', '2014-02-20 21:47:46', '', 0, 2),
(65740, 'yangyanghfgd', '', NULL, NULL, 'hfutonline@163.com', '13800000000', 1, 1, 1, 'http://ucenter.hfutonline.net/avatar.php?uid=65740', '2014-02-21 00:06:25', '2014-02-25 13:13:44', '', 0, 2),
(44278, '20100857', '', NULL, NULL, 'hfutonline@163.com', '15375452105', 1, 1, 1, 'http://ucenter.hfutonline.net/avatar.php?uid=44278', '2014-02-21 00:36:29', '2014-02-21 00:38:11', '', 0, 2),
(54524, 'lidu920307', '', NULL, NULL, 'hfutonline@163.com', '13800000000', 1, 1, 1, 'http://ucenter.hfutonline.net/avatar.php?uid=54524', '2014-02-22 19:42:18', '2014-02-22 21:50:54', '', 0, 2),
(65766, '裸奔的齿轮', '', NULL, NULL, 'hfutonline@163.com', '18856307155', 1, 1, 1, 'http://ucenter.hfutonline.net/avatar.php?uid=65766', '2014-02-23 18:02:43', '2014-02-23 18:11:33', '', 0, 2),
(65767, '肥猫儿', '', NULL, NULL, 'hfutonline@163.com', '13800000000', 1, 1, 1, 'http://ucenter.hfutonline.net/avatar.php?uid=65767', '2014-02-23 20:29:02', '2014-02-23 20:29:55', '', 0, 2),
(65769, '李隆', '', NULL, NULL, 'hfutonline@163.com', '13800000000', 1, 1, 1, 'http://ucenter.hfutonline.net/avatar.php?uid=65769', '2014-02-23 22:22:27', '2014-02-23 22:23:19', '', 0, 2),
(65783, 'ZIU灰翔', '', NULL, NULL, 'hfutonline@163.com', '13800000000', 1, 1, 1, 'http://ucenter.hfutonline.net/avatar.php?uid=65783', '2014-02-25 20:32:50', '2014-02-25 20:35:43', '', 0, 2),
(65787, 'zzcool2014', '', NULL, NULL, 'hfutonline@163.com', '13800000000', 1, 1, 1, 'http://ucenter.hfutonline.net/avatar.php?uid=65787', '2014-02-26 12:34:33', '2014-02-26 17:37:07', '', 0, 2),
(65788, 'xuyosong', '', NULL, NULL, 'hfutonline@163.com', '13800000000', 1, 1, 1, 'http://ucenter.hfutonline.net/avatar.php?uid=65788', '2014-02-26 15:23:53', '2014-02-26 15:24:42', '', 0, 2),
(65818, '乐福', '', NULL, NULL, 'hfutonline@163.com', '13866792865', 1, 1, 1, 'http://ucenter.hfutonline.net/avatar.php?uid=65818', '2014-03-01 12:51:46', '2014-03-01 12:59:41', '', 0, 2),
(65820, '叶落飘零007', '', NULL, NULL, 'hfutonline@163.com', '13800000000', 1, 1, 1, 'http://ucenter.hfutonline.net/avatar.php?uid=65820', '2014-03-01 13:59:57', '2014-03-01 14:01:52', '', 0, 2),
(65821, '我是工大人', '', NULL, NULL, 'hfutonline@163.com', '13800000000', 1, 1, 1, 'http://ucenter.hfutonline.net/avatar.php?uid=65821', '2014-03-01 14:02:12', '2014-03-01 14:06:01', '', 0, 2),
(65823, '单和单', '', NULL, NULL, 'hfutonline@163.com', '13800000000', 1, 1, 1, 'http://ucenter.hfutonline.net/avatar.php?uid=65823', '2014-03-01 22:44:33', '2014-03-01 22:45:55', '', 0, 2),
(65838, '好肥一头猪', '', NULL, NULL, 'hfutonline@163.com', '13800000000', 1, 1, 1, 'http://ucenter.hfutonline.net/avatar.php?uid=65838', '2014-03-03 22:22:07', '2014-03-03 22:23:09', '', 0, 2),
(65848, 'youngnirace', '', NULL, NULL, 'hfutonline@163.com', '18755407600', 1, 1, 1, 'http://ucenter.hfutonline.net/avatar.php?uid=65848', '2014-03-04 20:11:13', '2014-03-05 10:59:36', '', 0, 2),
(64956, '禅心baby', '', NULL, NULL, 'hfutonline@163.com', '13800000000', 1, 1, 1, 'http://ucenter.hfutonline.net/avatar.php?uid=64956', '2014-03-08 20:02:15', '2014-03-08 20:02:56', '', 0, 2),
(61998, '爷爷', '', NULL, NULL, 'hfutonline@163.com', '13800000000', 1, 1, 1, 'http://ucenter.hfutonline.net/avatar.php?uid=61998', '2014-03-09 14:19:28', '2014-03-09 14:21:11', '', 0, 2),
(44741, '西奥港', '', NULL, NULL, 'hfutonline@163.com', '13800000000', 1, 1, 1, 'http://ucenter.hfutonline.net/avatar.php?uid=44741', '2014-03-12 12:06:13', '2014-03-14 10:28:35', '', 0, 2),
(44664, 'xiaofeng748', '', NULL, NULL, 'hfutonline@163.com', '13800000000', 1, 1, 1, 'http://ucenter.hfutonline.net/avatar.php?uid=44664', '2014-03-12 20:47:31', '2014-07-03 10:07:18', '', 0, 2),
(65882, 's1994', '', NULL, NULL, 'hfutonline@163.com', '18756969309', 1, 1, 1, 'http://ucenter.hfutonline.net/avatar.php?uid=65882', '2014-03-12 23:02:39', '2015-02-27 16:00:52', '', 0, 2),
(48547, '发飙的蜗牛', '', NULL, NULL, 'hfutonline@163.com', '13800000000', 1, 1, 1, 'http://ucenter.hfutonline.net/avatar.php?uid=48547', '2014-03-15 12:08:36', '2014-03-15 12:09:52', '', 0, 2),
(65884, 'blackgloves', '', NULL, NULL, 'hfutonline@163.com', '13800000000', 1, 1, 1, 'http://ucenter.hfutonline.net/avatar.php?uid=65884', '2014-03-15 22:03:40', '2014-03-15 22:03:43', '', 0, 2),
(65886, '841381518', '', NULL, NULL, 'hfutonline@163.com', '15922428386', 1, 1, 1, 'http://ucenter.hfutonline.net/avatar.php?uid=65886', '2014-03-17 13:49:50', '2014-03-17 15:46:52', '', 0, 2),
(65888, '绿色的日子', '', NULL, NULL, 'hfutonline@163.com', '13800000000', 1, 1, 1, 'http://ucenter.hfutonline.net/avatar.php?uid=65888', '2014-03-17 16:20:51', '2014-03-17 16:30:09', '', 0, 2),
(65889, '一秋888', '', NULL, NULL, 'hfutonline@163.com', '13800000000', 1, 1, 1, 'http://ucenter.hfutonline.net/avatar.php?uid=65889', '2014-03-17 20:40:12', '2014-03-17 20:44:51', '', 0, 2),
(65893, '工大未来人', '', NULL, NULL, 'hfutonline@163.com', '13800000000', 1, 1, 1, 'http://ucenter.hfutonline.net/avatar.php?uid=65893', '2014-03-18 23:36:11', '2014-03-18 23:37:55', '', 0, 2),
(65895, '蓝水晶玻璃球', '', NULL, NULL, 'hfutonline@163.com', '15956930853', 1, 1, 1, 'http://ucenter.hfutonline.net/avatar.php?uid=65895', '2014-03-20 12:28:57', '2014-03-21 17:22:18', '', 0, 2),
(65897, '腰果达人', '', NULL, NULL, 'hfutonline@163.com', '18705600674', 1, 1, 1, 'http://ucenter.hfutonline.net/avatar.php?uid=65897', '2014-03-22 14:17:19', '2014-03-22 14:24:44', '', 0, 2),
(65898, '禾页g', '', NULL, NULL, 'hfutonline@163.com', '13800000000', 1, 1, 1, 'http://ucenter.hfutonline.net/avatar.php?uid=65898', '2014-03-22 20:04:31', '2014-03-22 20:14:48', '', 0, 2),
(65899, '20101034', '', NULL, NULL, 'hfutonline@163.com', '13800000000', 1, 1, 1, 'http://ucenter.hfutonline.net/avatar.php?uid=65899', '2014-03-22 20:25:26', '2014-09-21 12:48:38', '', 0, 2),
(65901, '西服小图', '', NULL, NULL, 'hfutonline@163.com', '13800000000', 1, 1, 1, 'http://ucenter.hfutonline.net/avatar.php?uid=65901', '2014-03-22 22:31:52', '2014-03-22 22:32:19', '', 0, 2),
(65902, '小鼬传奇', '', NULL, NULL, 'hfutonline@163.com', '13800000000', 1, 1, 1, 'http://ucenter.hfutonline.net/avatar.php?uid=65902', '2014-03-23 12:18:23', '2014-03-23 12:20:07', '', 0, 2),
(65904, '啊啊啊啊', '', NULL, NULL, 'hfutonline@163.com', '13800000000', 1, 1, 1, 'http://ucenter.hfutonline.net/avatar.php?uid=65904', '2014-03-23 15:01:41', '2014-03-23 19:28:25', '', 0, 2),
(65908, '幻惑の风', '', NULL, NULL, 'hfutonline@163.com', '13800000000', 1, 1, 1, 'http://ucenter.hfutonline.net/avatar.php?uid=65908', '2014-03-25 21:57:38', '2014-03-25 22:00:44', '', 0, 2),
(65909, 'chenshi1991', '', NULL, NULL, 'hfutonline@163.com', '13800000000', 1, 1, 1, 'http://ucenter.hfutonline.net/avatar.php?uid=65909', '2014-03-26 20:30:14', '2014-03-26 20:32:02', '', 0, 2);
INSERT INTO `user` (`user_id`, `user_name`, `pass`, `secret_question`, `secret_answer`, `mail`, `tel`, `sex`, `college`, `profession`, `face_path`, `reg_time`, `last_time`, `last_ip`, `login_times`, `state`) VALUES
(65910, 'zpyx123125', '', NULL, NULL, 'hfutonline@163.com', '15256537592', 1, 1, 1, 'http://ucenter.hfutonline.net/avatar.php?uid=65910', '2014-03-26 23:56:55', '2014-03-27 00:05:37', '', 0, 2),
(65911, '通信13-2孙悦', '', NULL, NULL, 'hfutonline@163.com', '13800000000', 1, 1, 1, 'http://ucenter.hfutonline.net/avatar.php?uid=65911', '2014-03-27 09:56:37', '2014-04-24 23:40:58', '', 0, 2),
(65913, 'pingting', '', NULL, NULL, 'hfutonline@163.com', '15922436360', 1, 1, 1, 'http://ucenter.hfutonline.net/avatar.php?uid=65913', '2014-03-27 12:03:31', '2014-03-27 12:33:09', '', 0, 2),
(65914, '䧸', '', NULL, NULL, 'hfutonline@163.com', '13800000000', 1, 1, 1, 'http://ucenter.hfutonline.net/avatar.php?uid=65914', '2014-03-27 17:29:17', '2014-03-27 17:30:28', '', 0, 2),
(65916, '古小月', '', NULL, NULL, 'hfutonline@163.com', '13800000000', 1, 1, 1, 'http://ucenter.hfutonline.net/avatar.php?uid=65916', '2014-03-27 23:39:57', '2014-03-27 23:44:29', '', 0, 2),
(65917, 'hfutdht', '', NULL, NULL, 'hfutonline@163.com', '13800000000', 1, 1, 1, 'http://ucenter.hfutonline.net/avatar.php?uid=65917', '2014-03-28 19:59:10', '2014-03-29 09:41:31', '', 0, 2),
(45684, '在天一方', '', NULL, NULL, 'hfutonline@163.com', '13800000000', 1, 1, 1, 'http://ucenter.hfutonline.net/avatar.php?uid=45684', '2014-03-29 08:37:51', '2014-03-29 08:38:22', '', 0, 2),
(65918, '龙王', '', NULL, NULL, 'hfutonline@163.com', '18756069606', 1, 1, 1, 'http://ucenter.hfutonline.net/avatar.php?uid=65918', '2014-03-29 08:46:57', '2014-04-06 16:46:06', '', 0, 2),
(65919, '安琪儿angel', '', NULL, NULL, 'hfutonline@163.com', '13800000000', 1, 1, 1, 'http://ucenter.hfutonline.net/avatar.php?uid=65919', '2014-03-29 15:18:41', '2014-03-29 15:27:16', '', 0, 2),
(65921, '贝塔', '', NULL, NULL, 'hfutonline@163.com', '13515655377', 1, 1, 1, 'http://ucenter.hfutonline.net/avatar.php?uid=65921', '2014-03-30 19:16:38', '2014-03-30 20:03:08', '', 0, 2),
(65924, 'sunkun', '', NULL, NULL, 'hfutonline@163.com', '13675603649', 1, 1, 1, 'http://ucenter.hfutonline.net/avatar.php?uid=65924', '2014-04-02 13:05:06', '2014-04-02 13:08:48', '', 0, 2),
(65925, '半價瓶裝水', '', NULL, NULL, 'hfutonline@163.com', '13800000000', 1, 1, 1, 'http://ucenter.hfutonline.net/avatar.php?uid=65925', '2014-04-02 15:37:44', '2014-06-16 12:08:07', '', 0, 2),
(65927, 'i加油', '', NULL, NULL, 'hfutonline@163.com', '13800000000', 1, 1, 1, 'http://ucenter.hfutonline.net/avatar.php?uid=65927', '2014-04-02 21:55:00', '2014-04-08 22:32:43', '', 0, 2),
(65931, '依然加菲猫', '', NULL, NULL, 'hfutonline@163.com', '13800000000', 1, 1, 1, 'http://ucenter.hfutonline.net/avatar.php?uid=65931', '2014-04-06 23:46:01', '2014-04-07 00:50:20', '', 0, 2),
(54464, '记忆的天空', '', NULL, NULL, 'hfutonline@163.com', '13800000000', 1, 1, 1, 'http://ucenter.hfutonline.net/avatar.php?uid=54464', '2014-04-08 09:38:34', '2014-04-08 09:38:49', '', 0, 2),
(65936, 'zydc1215', '', NULL, NULL, 'hfutonline@163.com', '13800000000', 1, 1, 1, 'http://ucenter.hfutonline.net/avatar.php?uid=65936', '2014-04-08 13:34:25', '2014-04-08 13:35:28', '', 0, 2),
(65940, '佳爱', '', NULL, NULL, 'hfutonline@163.com', '13800000000', 1, 1, 1, 'http://ucenter.hfutonline.net/avatar.php?uid=65940', '2014-04-08 19:26:20', '2014-04-08 20:32:37', '', 0, 2),
(65942, 'dongying6013', '', NULL, NULL, 'hfutonline@163.com', '13800000000', 1, 1, 1, 'http://ucenter.hfutonline.net/avatar.php?uid=65942', '2014-04-09 10:58:38', '2014-04-09 10:58:38', '', 0, 2),
(65946, 'lefend', '', NULL, NULL, 'hfutonline@163.com', '18715151184', 1, 1, 1, 'http://ucenter.hfutonline.net/avatar.php?uid=65946', '2014-04-11 14:59:38', '2014-12-24 23:25:00', '', 0, 2),
(65950, '占豪', '', NULL, NULL, 'hfutonline@163.com', '13800000000', 1, 1, 1, 'http://ucenter.hfutonline.net/avatar.php?uid=65950', '2014-04-14 22:59:00', '2014-04-14 23:01:34', '', 0, 2),
(22803, 'xuyifeng2008', '', NULL, NULL, 'hfutonline@163.com', '13800000000', 1, 1, 1, 'http://ucenter.hfutonline.net/avatar.php?uid=22803', '2014-04-15 03:09:58', '2014-04-15 03:13:37', '', 0, 2),
(65953, '淹死的狗狗', '', NULL, NULL, 'hfutonline@163.com', '13800000000', 1, 1, 1, 'http://ucenter.hfutonline.net/avatar.php?uid=65953', '2014-04-17 15:42:55', '2014-04-17 15:48:03', '', 0, 2),
(65958, '蓝冰224', '', NULL, NULL, 'hfutonline@163.com', '13800000000', 1, 1, 1, 'http://ucenter.hfutonline.net/avatar.php?uid=65958', '2014-04-18 22:44:53', '2014-04-18 23:34:16', '', 0, 2),
(65959, '飞头狼', '', NULL, NULL, 'hfutonline@163.com', '13800000000', 1, 1, 1, 'http://ucenter.hfutonline.net/avatar.php?uid=65959', '2014-04-19 00:07:23', '2014-04-19 00:09:50', '', 0, 2),
(65934, '万有地心引力', '', NULL, NULL, 'hfutonline@163.com', '18715098608', 1, 1, 1, 'http://ucenter.hfutonline.net/avatar.php?uid=65934', '2014-04-19 12:33:03', '2014-04-19 12:35:48', '', 0, 2),
(54259, '水泮君', '', NULL, NULL, 'hfutonline@163.com', '13800000000', 1, 1, 1, 'http://ucenter.hfutonline.net/avatar.php?uid=54259', '2014-04-19 18:13:37', '2014-04-19 18:13:37', '', 0, 2),
(65961, 'juststudy', '', NULL, NULL, 'hfutonline@163.com', '13800000000', 1, 1, 1, 'http://ucenter.hfutonline.net/avatar.php?uid=65961', '2014-04-19 23:01:50', '2014-04-19 23:02:12', '', 0, 2),
(65968, '熊孩子', '', NULL, NULL, 'hfutonline@163.com', '18356056996', 1, 1, 1, 'http://ucenter.hfutonline.net/avatar.php?uid=65968', '2014-04-20 09:47:42', '2014-05-02 22:15:36', '', 0, 2),
(65997, '亮仔', '', NULL, NULL, 'hfutonline@163.com', '13800000000', 1, 1, 1, 'http://ucenter.hfutonline.net/avatar.php?uid=65997', '2014-04-22 00:32:41', '2014-04-22 00:33:31', '', 0, 2),
(65989, '吹过飞檐', '', NULL, NULL, 'hfutonline@163.com', '13800000000', 1, 1, 1, 'http://ucenter.hfutonline.net/avatar.php?uid=65989', '2014-04-22 11:20:33', '2014-04-22 13:09:41', '', 0, 2),
(64950, '北部杨', '', NULL, NULL, 'hfutonline@163.com', '13800000000', 1, 1, 1, 'http://ucenter.hfutonline.net/avatar.php?uid=64950', '2014-04-22 23:59:07', '2014-09-23 08:26:23', '', 0, 2),
(66023, '北葵向暖', '', NULL, NULL, 'hfutonline@163.com', '13800000000', 1, 1, 1, 'http://ucenter.hfutonline.net/avatar.php?uid=66023', '2014-04-23 00:03:40', '2014-04-23 00:04:03', '', 0, 2),
(66046, 'E_雪楠', '', NULL, NULL, 'hfutonline@163.com', '13800000000', 1, 1, 1, 'http://ucenter.hfutonline.net/avatar.php?uid=66046', '2014-04-23 13:07:38', '2014-04-23 13:07:38', '', 0, 2),
(66105, '20116228', '', NULL, NULL, 'hfutonline@163.com', '13800000000', 1, 1, 1, 'http://ucenter.hfutonline.net/avatar.php?uid=66105', '2014-04-24 11:43:38', '2014-04-24 11:44:35', '', 0, 2),
(66113, 'qiurongbin', '', NULL, NULL, 'hfutonline@163.com', '13800000000', 1, 1, 1, 'http://ucenter.hfutonline.net/avatar.php?uid=66113', '2014-04-24 12:29:27', '2014-04-24 12:29:27', '', 0, 2),
(66183, '赵振宇', '', NULL, NULL, 'hfutonline@163.com', '13800000000', 1, 1, 1, 'http://ucenter.hfutonline.net/avatar.php?uid=66183', '2014-04-24 12:44:58', '2014-04-24 12:48:43', '', 0, 2),
(66194, 'happymomn', '', NULL, NULL, 'hfutonline@163.com', '13800000000', 1, 1, 1, 'http://ucenter.hfutonline.net/avatar.php?uid=66194', '2014-04-24 12:50:32', '2014-04-24 12:50:32', '', 0, 2),
(66275, 'kiana0522', '', NULL, NULL, 'hfutonline@163.com', '13800000000', 1, 1, 1, 'http://ucenter.hfutonline.net/avatar.php?uid=66275', '2014-04-24 13:29:36', '2014-04-24 13:31:00', '', 0, 2),
(66476, '陶迎秋', '', NULL, NULL, 'hfutonline@163.com', '13800000000', 1, 1, 1, 'http://ucenter.hfutonline.net/avatar.php?uid=66476', '2014-04-24 16:19:49', '2014-04-24 16:20:48', '', 0, 2),
(66523, 'menghun', '', NULL, NULL, 'hfutonline@163.com', '13800000000', 1, 1, 1, 'http://ucenter.hfutonline.net/avatar.php?uid=66523', '2014-04-24 16:56:27', '2014-04-24 16:56:44', '', 0, 2),
(66654, 'dlrow', '', NULL, NULL, 'hfutonline@163.com', '13800000000', 1, 1, 1, 'http://ucenter.hfutonline.net/avatar.php?uid=66654', '2014-04-24 18:32:16', '2014-04-24 18:32:16', '', 0, 2),
(66681, '至善12345', '', NULL, NULL, 'hfutonline@163.com', '13800000000', 1, 1, 1, 'http://ucenter.hfutonline.net/avatar.php?uid=66681', '2014-04-24 18:42:38', '2014-06-17 13:20:18', '', 0, 2),
(66718, '可可可', '', NULL, NULL, 'hfutonline@163.com', '13800000000', 1, 1, 1, 'http://ucenter.hfutonline.net/avatar.php?uid=66718', '2014-04-24 18:56:24', '2014-04-24 18:56:38', '', 0, 2),
(66748, '刘阳', '', NULL, NULL, 'hfutonline@163.com', '13800000000', 1, 1, 1, 'http://ucenter.hfutonline.net/avatar.php?uid=66748', '2014-04-24 19:13:14', '2014-04-24 19:13:14', '', 0, 2),
(66738, 'clm12332', '', NULL, NULL, 'hfutonline@163.com', '13800000000', 1, 1, 1, 'http://ucenter.hfutonline.net/avatar.php?uid=66738', '2014-04-24 19:13:42', '2014-04-24 19:14:45', '', 0, 2),
(66398, 'jc20100089', '', NULL, NULL, 'hfutonline@163.com', '13800000000', 1, 1, 1, 'http://ucenter.hfutonline.net/avatar.php?uid=66398', '2014-04-24 19:16:07', '2014-04-24 19:17:54', '', 0, 2),
(66838, '许瑾', '', NULL, NULL, 'hfutonline@163.com', '13800000000', 1, 1, 1, 'http://ucenter.hfutonline.net/avatar.php?uid=66838', '2014-04-24 19:46:45', '2014-04-24 19:48:48', '', 0, 2),
(66866, '李佳', '', NULL, NULL, 'hfutonline@163.com', '13800000000', 1, 1, 1, 'http://ucenter.hfutonline.net/avatar.php?uid=66866', '2014-04-24 19:57:01', '2014-04-24 19:57:01', '', 0, 2),
(66871, '草凡', '', NULL, NULL, 'hfutonline@163.com', '13800000000', 1, 1, 1, 'http://ucenter.hfutonline.net/avatar.php?uid=66871', '2014-04-24 20:22:19', '2014-04-24 20:23:43', '', 0, 2),
(67068, 'xyj', '', NULL, NULL, 'hfutonline@163.com', '13800000000', 1, 1, 1, 'http://ucenter.hfutonline.net/avatar.php?uid=67068', '2014-04-24 21:39:43', '2014-04-24 21:42:37', '', 0, 2),
(67108, '楚文颖', '', NULL, NULL, 'hfutonline@163.com', '13800000000', 1, 1, 1, 'http://ucenter.hfutonline.net/avatar.php?uid=67108', '2014-04-24 21:42:03', '2014-04-24 21:42:04', '', 0, 2),
(67206, '2010347575', '', NULL, NULL, 'hfutonline@163.com', '13800000000', 1, 1, 1, 'http://ucenter.hfutonline.net/avatar.php?uid=67206', '2014-04-24 22:08:34', '2014-04-24 22:12:08', '', 0, 2),
(53736, '20110024', '', NULL, NULL, 'hfutonline@163.com', '13800000000', 1, 1, 1, 'http://ucenter.hfutonline.net/avatar.php?uid=53736', '2014-04-24 22:22:36', '2014-04-24 22:22:36', '', 0, 2),
(67411, '巴洛克先生', '', NULL, NULL, 'hfutonline@163.com', '13800000000', 1, 1, 1, 'http://ucenter.hfutonline.net/avatar.php?uid=67411', '2014-04-24 23:02:34', '2014-04-24 23:02:35', '', 0, 2),
(66641, 'yysld', '', NULL, NULL, 'hfutonline@163.com', '13800000000', 1, 1, 1, 'http://ucenter.hfutonline.net/avatar.php?uid=66641', '2014-04-24 23:08:53', '2014-04-24 23:08:55', '', 0, 2),
(67159, '20114645', '', NULL, NULL, 'hfutonline@163.com', '13800000000', 1, 1, 1, 'http://ucenter.hfutonline.net/avatar.php?uid=67159', '2014-04-24 23:27:26', '2014-04-26 10:02:29', '', 0, 2),
(67579, '焱木best', '', NULL, NULL, 'hfutonline@163.com', '13800000000', 1, 1, 1, 'http://ucenter.hfutonline.net/avatar.php?uid=67579', '2014-04-24 23:33:07', '2014-04-24 23:33:15', '', 0, 2),
(67621, '曹雨蒙', '', NULL, NULL, 'hfutonline@163.com', '13800000000', 1, 1, 1, 'http://ucenter.hfutonline.net/avatar.php?uid=67621', '2014-04-24 23:37:37', '2014-04-24 23:37:37', '', 0, 2),
(67474, '林艾米', '', NULL, NULL, 'hfutonline@163.com', '13800000000', 1, 1, 1, 'http://ucenter.hfutonline.net/avatar.php?uid=67474', '2014-04-24 23:48:23', '2014-04-24 23:49:43', '', 0, 2),
(67641, '邢占鹏', '', NULL, NULL, 'hfutonline@163.com', '13800000000', 1, 1, 1, 'http://ucenter.hfutonline.net/avatar.php?uid=67641', '2014-04-24 23:50:03', '2014-04-24 23:50:03', '', 0, 2),
(67678, 'q798', '', NULL, NULL, 'hfutonline@163.com', '13800000000', 1, 1, 1, 'http://ucenter.hfutonline.net/avatar.php?uid=67678', '2014-04-25 00:42:54', '2014-04-25 00:42:54', '', 0, 2),
(67897, 'changlei', '', NULL, NULL, 'hfutonline@163.com', '13800000000', 1, 1, 1, 'http://ucenter.hfutonline.net/avatar.php?uid=67897', '2014-04-25 01:03:20', '2014-04-25 01:03:55', '', 0, 2),
(67969, 'ppooqq', '', NULL, NULL, 'hfutonline@163.com', '13800000000', 1, 1, 1, 'http://ucenter.hfutonline.net/avatar.php?uid=67969', '2014-04-25 07:56:48', '2014-04-25 07:59:44', '', 0, 2),
(68022, 'zzbvip', '', NULL, NULL, 'hfutonline@163.com', '13800000000', 1, 1, 1, 'http://ucenter.hfutonline.net/avatar.php?uid=68022', '2014-04-25 09:09:04', '2014-04-25 09:09:04', '', 0, 2),
(68130, 'Voyageur_cc', '', NULL, NULL, 'hfutonline@163.com', '13800000000', 1, 1, 1, 'http://ucenter.hfutonline.net/avatar.php?uid=68130', '2014-04-25 10:14:20', '2014-04-25 10:14:20', '', 0, 2),
(68100, '翱翔者', '', NULL, NULL, 'hfutonline@163.com', '13800000000', 1, 1, 1, 'http://ucenter.hfutonline.net/avatar.php?uid=68100', '2014-04-25 10:16:46', '2014-04-25 10:18:30', '', 0, 2),
(67979, 'mixue', '', NULL, NULL, 'hfutonline@163.com', '13800000000', 1, 1, 1, 'http://ucenter.hfutonline.net/avatar.php?uid=67979', '2014-04-25 10:40:21', '2014-04-25 10:40:56', '', 0, 2),
(68223, '幻道灵轩', '', NULL, NULL, 'hfutonline@163.com', '13800000000', 1, 1, 1, 'http://ucenter.hfutonline.net/avatar.php?uid=68223', '2014-04-25 10:57:29', '2014-04-25 10:59:58', '', 0, 2),
(68237, '布拉德皮条', '', NULL, NULL, 'hfutonline@163.com', '13800000000', 1, 1, 1, 'http://ucenter.hfutonline.net/avatar.php?uid=68237', '2014-04-25 11:32:58', '2014-04-25 11:32:58', '', 0, 2),
(68437, 'hackware', '', NULL, NULL, 'hfutonline@163.com', '13800000000', 1, 1, 1, 'http://ucenter.hfutonline.net/avatar.php?uid=68437', '2014-04-25 12:52:09', '2014-04-25 12:53:26', '', 0, 2),
(68572, 'mingzhizhandi', '', NULL, NULL, 'hfutonline@163.com', '13800000000', 1, 1, 1, 'http://ucenter.hfutonline.net/avatar.php?uid=68572', '2014-04-25 14:11:08', '2014-04-25 14:11:08', '', 0, 2),
(63064, '李响', '', NULL, NULL, 'hfutonline@163.com', '13800000000', 1, 1, 1, 'http://ucenter.hfutonline.net/avatar.php?uid=63064', '2014-04-25 14:58:58', '2014-09-18 00:33:04', '', 0, 2),
(68661, 'ChenPong', '', NULL, NULL, 'hfutonline@163.com', '13800000000', 1, 1, 1, 'http://ucenter.hfutonline.net/avatar.php?uid=68661', '2014-04-25 15:51:48', '2014-04-25 15:51:48', '', 0, 2),
(68664, 'Song.', '', NULL, NULL, 'hfutonline@163.com', '13800000000', 1, 1, 1, 'http://ucenter.hfutonline.net/avatar.php?uid=68664', '2014-04-25 15:59:31', '2014-04-25 16:00:17', '', 0, 2),
(68669, '朱婷婷', '', NULL, NULL, 'hfutonline@163.com', '13800000000', 1, 1, 1, 'http://ucenter.hfutonline.net/avatar.php?uid=68669', '2014-04-25 16:04:34', '2014-04-25 16:05:36', '', 0, 2),
(68671, '黄楠', '', NULL, NULL, 'hfutonline@163.com', '13800000000', 1, 1, 1, 'http://ucenter.hfutonline.net/avatar.php?uid=68671', '2014-04-25 16:17:12', '2014-04-25 16:17:12', '', 0, 2),
(67208, 'zly20106984', '', NULL, NULL, 'hfutonline@163.com', '13800000000', 1, 1, 1, 'http://ucenter.hfutonline.net/avatar.php?uid=67208', '2014-04-25 17:16:38', '2014-05-20 08:55:30', '', 0, 2),
(68794, '紫藤之枫', '', NULL, NULL, 'hfutonline@163.com', '13800000000', 1, 1, 1, 'http://ucenter.hfutonline.net/avatar.php?uid=68794', '2014-04-25 17:59:14', '2014-04-25 18:00:01', '', 0, 2),
(67002, 'aa3962815', '', NULL, NULL, 'hfutonline@163.com', '13800000000', 1, 1, 1, 'http://ucenter.hfutonline.net/avatar.php?uid=67002', '2014-04-25 18:17:13', '2014-04-25 18:17:28', '', 0, 2),
(68865, 'bear17', '', NULL, NULL, 'hfutonline@163.com', '13800000000', 1, 1, 1, 'http://ucenter.hfutonline.net/avatar.php?uid=68865', '2014-04-25 18:53:58', '2014-04-25 18:59:47', '', 0, 2),
(68881, '似水流年shuang', '', NULL, NULL, 'hfutonline@163.com', '13800000000', 1, 1, 1, 'http://ucenter.hfutonline.net/avatar.php?uid=68881', '2014-04-25 19:05:40', '2014-04-25 19:16:53', '', 0, 2),
(67139, '20115789', '', NULL, NULL, 'hfutonline@163.com', '13800000000', 1, 1, 1, 'http://ucenter.hfutonline.net/avatar.php?uid=67139', '2014-04-25 19:32:39', '2014-04-25 19:35:31', '', 0, 2),
(68381, 'tiramisu', '', NULL, NULL, 'hfutonline@163.com', '13800000000', 1, 1, 1, 'http://ucenter.hfutonline.net/avatar.php?uid=68381', '2014-04-25 20:14:46', '2014-04-25 20:19:07', '', 0, 2),
(69015, '降临之子', '', NULL, NULL, 'hfutonline@163.com', '13800000000', 1, 1, 1, 'http://ucenter.hfutonline.net/avatar.php?uid=69015', '2014-04-25 21:09:18', '2014-04-25 21:11:30', '', 0, 2),
(69046, 'B40614061', '', NULL, NULL, 'hfutonline@163.com', '13800000000', 1, 1, 1, 'http://ucenter.hfutonline.net/avatar.php?uid=69046', '2014-04-25 21:21:06', '2014-04-25 21:21:31', '', 0, 2),
(69053, 'shuaiqin', '', NULL, NULL, 'hfutonline@163.com', '13800000000', 1, 1, 1, 'http://ucenter.hfutonline.net/avatar.php?uid=69053', '2014-04-25 21:26:22', '2014-04-25 21:26:22', '', 0, 2),
(69092, '20116361', '', NULL, NULL, 'hfutonline@163.com', '13800000000', 1, 1, 1, 'http://ucenter.hfutonline.net/avatar.php?uid=69092', '2014-04-25 21:55:48', '2014-04-25 21:55:49', '', 0, 2),
(69137, 'demon7452', '', NULL, NULL, 'hfutonline@163.com', '13800000000', 1, 1, 1, 'http://ucenter.hfutonline.net/avatar.php?uid=69137', '2014-04-25 22:24:11', '2014-04-25 22:25:00', '', 0, 2),
(69276, 'YY语音', '', NULL, NULL, 'hfutonline@163.com', '13800000000', 1, 1, 1, 'http://ucenter.hfutonline.net/avatar.php?uid=69276', '2014-04-25 22:54:28', '2014-04-25 22:54:28', '', 0, 2),
(67018, '20114671', '', NULL, NULL, 'hfutonline@163.com', '13800000000', 1, 1, 1, 'http://ucenter.hfutonline.net/avatar.php?uid=67018', '2014-04-25 23:09:39', '2014-04-25 23:10:46', '', 0, 2),
(69315, 'sparking', '', NULL, NULL, 'hfutonline@163.com', '13800000000', 1, 1, 1, 'http://ucenter.hfutonline.net/avatar.php?uid=69315', '2014-04-25 23:20:36', '2014-04-25 23:20:43', '', 0, 2),
(69404, '20116010呵呵', '', NULL, NULL, 'hfutonline@163.com', '13800000000', 1, 1, 1, 'http://ucenter.hfutonline.net/avatar.php?uid=69404', '2014-04-25 23:38:11', '2014-04-25 23:38:11', '', 0, 2),
(69422, '20112774', '', NULL, NULL, 'hfutonline@163.com', '13800000000', 1, 1, 1, 'http://ucenter.hfutonline.net/avatar.php?uid=69422', '2014-04-25 23:42:19', '2014-04-25 23:42:19', '', 0, 2),
(67599, '风那个吹', '', NULL, NULL, 'hfutonline@163.com', '13800000000', 1, 1, 1, 'http://ucenter.hfutonline.net/avatar.php?uid=67599', '2014-04-26 00:02:58', '2014-04-26 00:04:02', '', 0, 2),
(69504, '愿风裁尘', '', NULL, NULL, 'hfutonline@163.com', '13800000000', 1, 1, 1, 'http://ucenter.hfutonline.net/avatar.php?uid=69504', '2014-04-26 00:03:34', '2014-04-26 00:04:17', '', 0, 2),
(68487, '法克鱿', '', NULL, NULL, 'hfutonline@163.com', '13800000000', 1, 1, 1, 'http://ucenter.hfutonline.net/avatar.php?uid=68487', '2014-04-26 00:14:48', '2014-04-26 00:14:49', '', 0, 2),
(69586, '武刘英', '', NULL, NULL, 'hfutonline@163.com', '13800000000', 1, 1, 1, 'http://ucenter.hfutonline.net/avatar.php?uid=69586', '2014-04-26 01:07:42', '2014-04-26 01:12:07', '', 0, 2),
(68310, '一枫', '', NULL, NULL, 'hfutonline@163.com', '13800000000', 1, 1, 1, 'http://ucenter.hfutonline.net/avatar.php?uid=68310', '2014-04-26 11:30:18', '2014-04-26 11:31:26', '', 0, 2),
(67537, '被强煎的饼', '', NULL, NULL, 'hfutonline@163.com', '13800000000', 1, 1, 1, 'http://ucenter.hfutonline.net/avatar.php?uid=67537', '2014-04-26 11:40:06', '2014-04-26 11:40:06', '', 0, 2),
(67131, 'lm007', '', NULL, NULL, 'hfutonline@163.com', '13800000000', 1, 1, 1, 'http://ucenter.hfutonline.net/avatar.php?uid=67131', '2014-04-26 12:18:42', '2014-04-26 12:18:42', '', 0, 2),
(68908, 'lyh007', '', NULL, NULL, 'hfutonline@163.com', '13800000000', 1, 1, 1, 'http://ucenter.hfutonline.net/avatar.php?uid=68908', '2014-04-26 12:22:46', '2014-04-26 12:25:00', '', 0, 2),
(69753, '小一', '', NULL, NULL, 'hfutonline@163.com', '13800000000', 1, 1, 1, 'http://ucenter.hfutonline.net/avatar.php?uid=69753', '2014-04-26 12:43:26', '2014-04-26 12:43:26', '', 0, 2),
(69762, '克莱因瓶', '', NULL, NULL, 'hfutonline@163.com', '13800000000', 1, 1, 1, 'http://ucenter.hfutonline.net/avatar.php?uid=69762', '2014-04-26 12:55:26', '2014-04-26 12:58:19', '', 0, 2),
(67212, '无知的我', '', NULL, NULL, 'hfutonline@163.com', '13800000000', 1, 1, 1, 'http://ucenter.hfutonline.net/avatar.php?uid=67212', '2014-04-26 12:59:28', '2014-04-26 13:00:39', '', 0, 2),
(62665, 'shijiewuzhi', '', NULL, NULL, 'hfutonline@163.com', '13800000000', 1, 1, 1, 'http://ucenter.hfutonline.net/avatar.php?uid=62665', '2014-04-26 13:21:48', '2014-04-26 13:23:25', '', 0, 2),
(69818, '刘素洁', '', NULL, NULL, 'hfutonline@163.com', '13800000000', 1, 1, 1, 'http://ucenter.hfutonline.net/avatar.php?uid=69818', '2014-04-26 13:41:59', '2014-04-26 13:41:59', '', 0, 2),
(66952, '张三丰', '', NULL, NULL, 'hfutonline@163.com', '18888888888', 1, 1, 1, 'http://ucenter.hfutonline.net/avatar.php?uid=66952', '2014-04-26 14:07:39', '2014-04-26 14:17:30', '', 0, 2),
(69955, 'hfutsunpeng', '', NULL, NULL, 'hfutonline@163.com', '13800000000', 1, 1, 1, 'http://ucenter.hfutonline.net/avatar.php?uid=69955', '2014-04-26 16:54:36', '2014-04-26 16:54:42', '', 0, 2),
(40946, '艾雅莱', '', NULL, NULL, 'hfutonline@163.com', '13800000000', 1, 1, 1, 'http://ucenter.hfutonline.net/avatar.php?uid=40946', '2014-04-26 17:26:05', '2014-04-26 17:26:42', '', 0, 2),
(66196, '张莉敏', '', NULL, NULL, 'hfutonline@163.com', '13800000000', 1, 1, 1, 'http://ucenter.hfutonline.net/avatar.php?uid=66196', '2014-04-26 19:28:11', '2014-04-26 19:28:11', '', 0, 2),
(70093, 'lkl', '', NULL, NULL, 'hfutonline@163.com', '13800000000', 1, 1, 1, 'http://ucenter.hfutonline.net/avatar.php?uid=70093', '2014-04-26 20:26:45', '2014-04-26 20:26:45', '', 0, 2),
(68868, '项羽', '', NULL, NULL, 'hfutonline@163.com', '13800000000', 1, 1, 1, 'http://ucenter.hfutonline.net/avatar.php?uid=68868', '2014-04-26 21:03:50', '2014-04-26 21:08:00', '', 0, 2),
(64835, 'shiny', '', NULL, NULL, 'hfutonline@163.com', '13800000000', 1, 1, 1, 'http://ucenter.hfutonline.net/avatar.php?uid=64835', '2014-04-26 21:37:57', '2014-04-26 21:38:14', '', 0, 2),
(70171, 'you_lzh', '', NULL, NULL, 'hfutonline@163.com', '13800000000', 1, 1, 1, 'http://ucenter.hfutonline.net/avatar.php?uid=70171', '2014-04-26 21:38:48', '2014-04-26 21:38:48', '', 0, 2),
(70409, '追风踏雨', '', NULL, NULL, 'hfutonline@163.com', '13800000000', 1, 1, 1, 'http://ucenter.hfutonline.net/avatar.php?uid=70409', '2014-04-26 23:52:37', '2014-04-26 23:53:00', '', 0, 2),
(43737, '梦幻无敌', '', NULL, NULL, 'hfutonline@163.com', '13800000000', 1, 1, 1, 'http://ucenter.hfutonline.net/avatar.php?uid=43737', '2014-04-27 08:43:52', '2014-04-27 08:45:31', '', 0, 2),
(69855, 'liushu', '', NULL, NULL, 'hfutonline@163.com', '15656023756', 1, 1, 1, 'http://ucenter.hfutonline.net/avatar.php?uid=69855', '2014-04-27 09:00:07', '2014-04-27 09:04:47', '', 0, 2),
(70531, '2012210588', '', NULL, NULL, 'hfutonline@163.com', '13800000000', 1, 1, 1, 'http://ucenter.hfutonline.net/avatar.php?uid=70531', '2014-04-27 10:01:39', '2014-04-27 10:01:40', '', 0, 2),
(69617, '王静', '', NULL, NULL, 'hfutonline@163.com', '13800000000', 1, 1, 1, 'http://ucenter.hfutonline.net/avatar.php?uid=69617', '2014-04-27 10:17:29', '2014-04-27 10:17:29', '', 0, 2),
(69632, '邹旻炯', '', NULL, NULL, 'hfutonline@163.com', '13800000000', 1, 1, 1, 'http://ucenter.hfutonline.net/avatar.php?uid=69632', '2014-04-27 12:20:26', '2014-04-27 12:29:59', '', 0, 2),
(45529, '甜甜圈', '', NULL, NULL, 'hfutonline@163.com', '13800000000', 1, 1, 1, 'http://ucenter.hfutonline.net/avatar.php?uid=45529', '2014-04-27 13:40:49', '2014-04-27 13:40:49', '', 0, 2),
(67538, 'coffeemate', '', NULL, NULL, 'hfutonline@163.com', '13800000000', 1, 1, 1, 'http://ucenter.hfutonline.net/avatar.php?uid=67538', '2014-04-27 14:00:24', '2014-04-27 14:00:24', '', 0, 2),
(70714, 'xingguogan', '', NULL, NULL, 'hfutonline@163.com', '13800000000', 1, 1, 1, 'http://ucenter.hfutonline.net/avatar.php?uid=70714', '2014-04-27 18:14:37', '2014-04-27 18:15:56', '', 0, 2),
(70737, 'Anzurik', '', NULL, NULL, 'hfutonline@163.com', '13800000000', 1, 1, 1, 'http://ucenter.hfutonline.net/avatar.php?uid=70737', '2014-04-27 19:30:16', '2014-04-27 19:30:16', '', 0, 2),
(70781, '李孝才', '', NULL, NULL, 'hfutonline@163.com', '13800000000', 1, 1, 1, 'http://ucenter.hfutonline.net/avatar.php?uid=70781', '2014-04-27 20:33:21', '2014-04-27 20:33:54', '', 0, 2),
(68946, 'Shirley2012', '', NULL, NULL, 'hfutonline@163.com', '13800000000', 1, 1, 1, 'http://ucenter.hfutonline.net/avatar.php?uid=68946', '2014-04-27 22:20:51', '2014-04-27 22:22:09', '', 0, 2),
(70873, 'spider555', '', NULL, NULL, 'hfutonline@163.com', '13800000000', 1, 1, 1, 'http://ucenter.hfutonline.net/avatar.php?uid=70873', '2014-04-27 23:30:47', '2014-04-27 23:30:47', '', 0, 2),
(70917, '月亮没有太阳大', '', NULL, NULL, 'hfutonline@163.com', '13800000000', 1, 1, 1, 'http://ucenter.hfutonline.net/avatar.php?uid=70917', '2014-04-28 00:10:36', '2014-04-28 00:12:54', '', 0, 2),
(68571, 'DK2011DDq', '', NULL, NULL, 'hfutonline@163.com', '13800000000', 1, 1, 1, 'http://ucenter.hfutonline.net/avatar.php?uid=68571', '2014-04-28 00:11:33', '2014-04-28 00:15:28', '', 0, 2),
(70919, '朱文兵', '', NULL, NULL, 'hfutonline@163.com', '13800000000', 1, 1, 1, 'http://ucenter.hfutonline.net/avatar.php?uid=70919', '2014-04-28 00:12:08', '2014-04-28 00:20:59', '', 0, 2),
(70965, 'qiren', '', NULL, NULL, 'hfutonline@163.com', '13800000000', 1, 1, 1, 'http://ucenter.hfutonline.net/avatar.php?uid=70965', '2014-04-28 11:13:59', '2014-04-28 14:01:50', '', 0, 2),
(67106, 'daxiang', '', NULL, NULL, 'hfutonline@163.com', '13800000000', 1, 1, 1, 'http://ucenter.hfutonline.net/avatar.php?uid=67106', '2014-04-28 16:55:06', '2014-04-28 16:57:25', '', 0, 2),
(71108, '王中王', '', NULL, NULL, 'hfutonline@163.com', '13800000000', 1, 1, 1, 'http://ucenter.hfutonline.net/avatar.php?uid=71108', '2014-04-28 18:51:44', '2014-04-28 21:27:36', '', 0, 2),
(69177, 'anwulv', '', NULL, NULL, 'hfutonline@163.com', '13800000000', 1, 1, 1, 'http://ucenter.hfutonline.net/avatar.php?uid=69177', '2014-04-28 20:08:42', '2014-11-23 19:35:43', '', 0, 2),
(61788, '青春无极', '', NULL, NULL, 'hfutonline@163.com', '15656516350', 1, 1, 1, 'http://ucenter.hfutonline.net/avatar.php?uid=61788', '2014-04-28 20:54:10', '2014-12-03 00:17:14', '', 0, 2),
(44719, '153451883', '', NULL, NULL, 'hfutonline@163.com', '13800000000', 1, 1, 1, 'http://ucenter.hfutonline.net/avatar.php?uid=44719', '2014-04-28 20:54:43', '2014-04-28 20:54:43', '', 0, 2),
(71184, 'yangchi', '', NULL, NULL, 'hfutonline@163.com', '13800000000', 1, 1, 1, 'http://ucenter.hfutonline.net/avatar.php?uid=71184', '2014-04-28 21:43:54', '2014-04-28 21:43:55', '', 0, 2),
(71185, '若水88', '', NULL, NULL, 'hfutonline@163.com', '13800000000', 1, 1, 1, 'http://ucenter.hfutonline.net/avatar.php?uid=71185', '2014-04-28 21:53:48', '2014-04-28 21:56:23', '', 0, 2),
(71230, '彩色的眼睛', '', NULL, NULL, 'hfutonline@163.com', '13800000000', 1, 1, 1, 'http://ucenter.hfutonline.net/avatar.php?uid=71230', '2014-04-28 23:13:51', '2014-04-28 23:15:09', '', 0, 2),
(66043, 'chen19911010', '', NULL, NULL, 'hfutonline@163.com', '13800000000', 1, 1, 1, 'http://ucenter.hfutonline.net/avatar.php?uid=66043', '2014-04-29 00:00:19', '2014-04-29 00:00:19', '', 0, 2),
(71297, '瞬间无语le', '', NULL, NULL, 'hfutonline@163.com', '13800000000', 1, 1, 1, 'http://ucenter.hfutonline.net/avatar.php?uid=71297', '2014-04-29 11:29:43', '2014-04-29 11:29:43', '', 0, 2),
(71317, '贾成', '', NULL, NULL, 'hfutonline@163.com', '13800000000', 1, 1, 1, 'http://ucenter.hfutonline.net/avatar.php?uid=71317', '2014-04-29 12:47:56', '2014-04-29 12:47:56', '', 0, 2),
(66114, '晨晨晨', '', NULL, NULL, 'hfutonline@163.com', '13800000000', 1, 1, 1, 'http://ucenter.hfutonline.net/avatar.php?uid=66114', '2014-04-29 18:23:27', '2014-04-29 18:28:15', '', 0, 2),
(71467, 'angelvyvyan', '', NULL, NULL, 'hfutonline@163.com', '13800000000', 1, 1, 1, 'http://ucenter.hfutonline.net/avatar.php?uid=71467', '2014-04-29 22:54:02', '2014-04-29 22:55:30', '', 0, 2),
(67711, '', '', NULL, NULL, 'hfutonline@163.com', '13800000000', 1, 1, 1, 'http://ucenter.hfutonline.net/avatar.php?uid=67711', '2014-04-29 23:19:57', '2014-04-29 23:19:57', '', 0, 2),
(70768, '萤火', '', NULL, NULL, 'hfutonline@163.com', '13800000000', 1, 1, 1, 'http://ucenter.hfutonline.net/avatar.php?uid=70768', '2014-04-29 23:22:38', '2014-04-29 23:28:26', '', 0, 2),
(44476, 'caowenxv', '', NULL, NULL, 'hfutonline@163.com', '13800000000', 1, 1, 1, 'http://ucenter.hfutonline.net/avatar.php?uid=44476', '2014-04-30 08:12:25', '2014-04-30 09:40:01', '', 0, 2),
(71528, 'Scarlettshu', '', NULL, NULL, 'hfutonline@163.com', '13800000000', 1, 1, 1, 'http://ucenter.hfutonline.net/avatar.php?uid=71528', '2014-04-30 11:19:19', '2014-04-30 11:19:19', '', 0, 2),
(66567, '南北山', '', NULL, NULL, 'hfutonline@163.com', '13800000000', 1, 1, 1, 'http://ucenter.hfutonline.net/avatar.php?uid=66567', '2014-04-30 18:52:43', '2014-04-30 18:53:20', '', 0, 2),
(71567, 'kelusu', '', NULL, NULL, 'hfutonline@163.com', '13800000000', 1, 1, 1, 'http://ucenter.hfutonline.net/avatar.php?uid=71567', '2014-04-30 19:21:20', '2014-04-30 19:22:16', '', 0, 2),
(71607, '欧阳广成', '', NULL, NULL, 'hfutonline@163.com', '13800000000', 1, 1, 1, 'http://ucenter.hfutonline.net/avatar.php?uid=71607', '2014-05-01 10:17:29', '2014-05-01 10:20:42', '', 0, 2),
(68179, '黄露', '', NULL, NULL, 'hfutonline@163.com', '13800000000', 1, 1, 1, 'http://ucenter.hfutonline.net/avatar.php?uid=68179', '2014-05-01 11:17:08', '2014-05-02 10:24:11', '', 0, 2),
(71633, '季曦冉', '', NULL, NULL, 'hfutonline@163.com', '13800000000', 1, 1, 1, 'http://ucenter.hfutonline.net/avatar.php?uid=71633', '2014-05-01 13:24:31', '2014-05-01 13:24:31', '', 0, 2),
(71652, '刘世园', '', NULL, NULL, 'hfutonline@163.com', '13800000000', 1, 1, 1, 'http://ucenter.hfutonline.net/avatar.php?uid=71652', '2014-05-01 18:50:32', '2014-05-01 18:50:46', '', 0, 2),
(71669, 'zaza168', '', NULL, NULL, 'hfutonline@163.com', '13800000000', 1, 1, 1, 'http://ucenter.hfutonline.net/avatar.php?uid=71669', '2014-05-02 00:05:29', '2014-06-22 20:57:20', '', 0, 2),
(67993, '张小跳', '', NULL, NULL, 'hfutonline@163.com', '13800000000', 1, 1, 1, 'http://ucenter.hfutonline.net/avatar.php?uid=67993', '2014-05-02 08:03:29', '2014-05-02 08:03:44', '', 0, 2),
(53230, '快乐99', '', NULL, NULL, 'hfutonline@163.com', '13800000000', 1, 1, 1, 'http://ucenter.hfutonline.net/avatar.php?uid=53230', '2014-05-02 10:13:22', '2014-05-02 10:13:33', '', 0, 2),
(67722, 'Kinvent', '', NULL, NULL, 'hfutonline@163.com', '13800000000', 1, 1, 1, 'http://ucenter.hfutonline.net/avatar.php?uid=67722', '2014-05-02 17:26:03', '2014-05-02 17:26:03', '', 0, 2),
(62168, '子九迹', '', NULL, NULL, 'hfutonline@163.com', '13800000000', 1, 1, 1, 'http://ucenter.hfutonline.net/avatar.php?uid=62168', '2014-05-02 22:00:29', '2014-05-02 22:00:29', '', 0, 2),
(68070, 'rainkin1993', '', NULL, NULL, 'hfutonline@163.com', '13800000000', 1, 1, 1, 'http://ucenter.hfutonline.net/avatar.php?uid=68070', '2014-05-03 11:11:56', '2014-05-03 11:11:56', '', 0, 2),
(71788, '星空无雨', '', NULL, NULL, 'hfutonline@163.com', '13800000000', 1, 1, 1, 'http://ucenter.hfutonline.net/avatar.php?uid=71788', '2014-05-04 18:00:52', '2014-05-04 18:01:31', '', 0, 2),
(71825, '大师2002-2003', '', NULL, NULL, 'hfutonline@163.com', '13800000000', 1, 1, 1, 'http://ucenter.hfutonline.net/avatar.php?uid=71825', '2014-05-05 17:41:54', '2014-05-05 17:41:54', '', 0, 2),
(67566, '溴百里酚蓝', '', NULL, NULL, 'hfutonline@163.com', '13800000000', 1, 1, 1, 'http://ucenter.hfutonline.net/avatar.php?uid=67566', '2014-05-05 23:28:59', '2014-05-05 23:28:59', '', 0, 2),
(71412, '莫凡040', '', NULL, NULL, 'hfutonline@163.com', '13800000000', 1, 1, 1, 'http://ucenter.hfutonline.net/avatar.php?uid=71412', '2014-05-06 08:04:43', '2014-10-13 20:34:32', '', 0, 2),
(67186, 'linkmyth', '', NULL, NULL, 'hfutonline@163.com', '13800000000', 1, 1, 1, 'http://ucenter.hfutonline.net/avatar.php?uid=67186', '2014-05-06 08:13:25', '2014-05-06 08:14:38', '', 0, 2),
(72037, '御水速舟', '', NULL, NULL, 'hfutonline@163.com', '15155101040', 1, 1, 1, 'http://ucenter.hfutonline.net/avatar.php?uid=72037', '2014-05-06 23:38:48', '2014-05-10 14:50:46', '', 0, 2),
(72063, 'kkkkk', '', NULL, NULL, 'hfutonline@163.com', '13964640564', 1, 1, 1, 'http://ucenter.hfutonline.net/avatar.php?uid=72063', '2014-05-07 11:07:05', '2014-05-07 11:22:22', '', 0, 2),
(66845, '1111yiyioh1111', '', NULL, NULL, 'hfutonline@163.com', '13800000000', 1, 1, 1, 'http://ucenter.hfutonline.net/avatar.php?uid=66845', '2014-05-07 19:45:42', '2014-05-07 19:46:16', '', 0, 2),
(72096, '合工大李然', '', NULL, NULL, 'hfutonline@163.com', '13800000000', 1, 1, 1, 'http://ucenter.hfutonline.net/avatar.php?uid=72096', '2014-05-07 23:53:55', '2014-05-07 23:53:55', '', 0, 2),
(66166, '小月王1993', '', NULL, NULL, 'hfutonline@163.com', '13800000000', 1, 1, 1, 'http://ucenter.hfutonline.net/avatar.php?uid=66166', '2014-05-09 01:30:14', '2014-05-09 23:39:38', '', 0, 2),
(72135, 'Margaret', '', NULL, NULL, 'hfutonline@163.com', '13800000000', 1, 1, 1, 'http://ucenter.hfutonline.net/avatar.php?uid=72135', '2014-05-09 17:33:39', '2014-05-09 17:37:01', '', 0, 2),
(72141, '丁冰冰', '', NULL, NULL, 'hfutonline@163.com', '13800000000', 1, 1, 1, 'http://ucenter.hfutonline.net/avatar.php?uid=72141', '2014-05-10 16:54:59', '2014-05-10 16:56:20', '', 0, 2),
(72142, 'qiuqiutu', '', NULL, NULL, 'hfutonline@163.com', '13800000000', 1, 1, 1, 'http://ucenter.hfutonline.net/avatar.php?uid=72142', '2014-05-10 18:53:39', '2014-05-10 18:54:13', '', 0, 2),
(72151, '0.0.0', '', NULL, NULL, 'hfutonline@163.com', '13800000000', 1, 1, 1, 'http://ucenter.hfutonline.net/avatar.php?uid=72151', '2014-05-12 14:14:10', '2014-05-12 14:15:42', '', 0, 2),
(72153, '会思考的石子', '', NULL, NULL, 'hfutonline@163.com', '13800000000', 1, 1, 1, 'http://ucenter.hfutonline.net/avatar.php?uid=72153', '2014-05-12 16:23:08', '2014-05-12 16:24:54', '', 0, 2),
(67962, '布兜', '', NULL, NULL, 'hfutonline@163.com', '13800000000', 1, 1, 1, 'http://ucenter.hfutonline.net/avatar.php?uid=67962', '2014-05-14 23:55:44', '2014-05-14 23:55:44', '', 0, 2),
(66333, '小武', '', NULL, NULL, 'hfutonline@163.com', '13800000000', 1, 1, 1, 'http://ucenter.hfutonline.net/avatar.php?uid=66333', '2014-05-15 08:40:33', '2014-05-15 08:40:33', '', 0, 2),
(39408, 'simontjw', '', NULL, NULL, 'hfutonline@163.com', '13800000000', 1, 1, 1, 'http://ucenter.hfutonline.net/avatar.php?uid=39408', '2014-05-18 19:12:10', '2014-05-18 19:13:12', '', 0, 2),
(72175, '小时候可帅', '', NULL, NULL, 'hfutonline@163.com', '13800000000', 1, 1, 1, 'http://ucenter.hfutonline.net/avatar.php?uid=72175', '2014-05-19 21:51:30', '2014-05-19 21:51:30', '', 0, 2),
(72178, '寒冰寒冰', '', NULL, NULL, 'hfutonline@163.com', '13800000000', 1, 1, 1, 'http://ucenter.hfutonline.net/avatar.php?uid=72178', '2014-05-20 15:02:16', '2014-05-20 15:02:49', '', 0, 2),
(71692, '刘兴祺', '', NULL, NULL, 'hfutonline@163.com', '13800000000', 1, 1, 1, 'http://ucenter.hfutonline.net/avatar.php?uid=71692', '2014-05-22 08:04:25', '2014-05-22 08:06:07', '', 0, 2),
(72182, '森林狼', '', NULL, NULL, 'hfutonline@163.com', '13800000000', 1, 1, 1, 'http://ucenter.hfutonline.net/avatar.php?uid=72182', '2014-05-23 15:00:04', '2014-05-23 15:03:30', '', 0, 2),
(72005, '帅佳锋', '', NULL, NULL, 'hfutonline@163.com', '13800000000', 1, 1, 1, 'http://ucenter.hfutonline.net/avatar.php?uid=72005', '2014-05-24 09:51:25', '2014-05-24 09:54:18', '', 0, 2),
(72186, '水月无缘', '', NULL, NULL, 'hfutonline@163.com', '13800000000', 1, 1, 1, 'http://ucenter.hfutonline.net/avatar.php?uid=72186', '2014-05-29 15:21:53', '2014-05-29 15:21:53', '', 0, 2),
(72152, 'HONGHU', '', NULL, NULL, 'hfutonline@163.com', '13800000000', 1, 1, 1, 'http://ucenter.hfutonline.net/avatar.php?uid=72152', '2014-06-04 16:02:42', '2014-06-04 16:02:42', '', 0, 2),
(72200, '虚空闲云野鹤', '', NULL, NULL, 'hfutonline@163.com', '13800000000', 1, 1, 1, 'http://ucenter.hfutonline.net/avatar.php?uid=72200', '2014-06-09 10:16:59', '2014-06-09 10:20:00', '', 0, 2),
(72240, '土木乾坤', '', NULL, NULL, 'hfutonline@163.com', '13800000000', 1, 1, 1, 'http://ucenter.hfutonline.net/avatar.php?uid=72240', '2014-06-09 14:49:58', '2014-06-09 14:49:58', '', 0, 2),
(67403, '20113065', '', NULL, NULL, 'hfutonline@163.com', '13800000000', 1, 1, 1, 'http://ucenter.hfutonline.net/avatar.php?uid=67403', '2014-06-09 17:06:31', '2014-06-09 17:06:42', '', 0, 2),
(70458, '李子源', '', NULL, NULL, 'hfutonline@163.com', '13800000000', 1, 1, 1, 'http://ucenter.hfutonline.net/avatar.php?uid=70458', '2014-06-09 18:41:24', '2014-06-09 18:42:48', '', 0, 2),
(72366, '工大星空', '', NULL, NULL, 'hfutonline@163.com', '13800000000', 1, 1, 1, 'http://ucenter.hfutonline.net/avatar.php?uid=72366', '2014-06-09 22:52:11', '2014-06-09 22:52:11', '', 0, 2),
(60334, 'shenlei1993', '', NULL, NULL, 'hfutonline@163.com', '13800000000', 1, 1, 1, 'http://ucenter.hfutonline.net/avatar.php?uid=60334', '2014-06-10 00:08:42', '2014-06-10 00:11:16', '', 0, 2),
(44651, 'liftland', '', NULL, NULL, 'hfutonline@163.com', '13800000000', 1, 1, 1, 'http://ucenter.hfutonline.net/avatar.php?uid=44651', '2014-06-10 00:15:50', '2014-06-10 00:16:19', '', 0, 2),
(63065, '猪小乐', '', NULL, NULL, 'hfutonline@163.com', '13800000000', 1, 1, 1, 'http://ucenter.hfutonline.net/avatar.php?uid=63065', '2014-06-10 01:41:27', '2014-06-10 01:41:34', '', 0, 2),
(72454, 'mjdong', '', NULL, NULL, 'hfutonline@163.com', '18756965332', 1, 1, 1, 'http://ucenter.hfutonline.net/avatar.php?uid=72454', '2014-06-10 14:04:55', '2014-10-12 20:51:18', '', 0, 2),
(57962, '竹蜻蜓', '', NULL, NULL, 'hfutonline@163.com', '13800000000', 1, 1, 1, 'http://ucenter.hfutonline.net/avatar.php?uid=57962', '2014-06-10 18:40:35', '2014-06-10 18:40:35', '', 0, 2),
(72514, '2013214192', '', NULL, NULL, 'hfutonline@163.com', '13800000000', 1, 1, 1, 'http://ucenter.hfutonline.net/avatar.php?uid=72514', '2014-06-11 10:17:16', '2014-06-11 10:19:18', '', 0, 2),
(72526, '青春无名', '', NULL, NULL, 'hfutonline@163.com', '13800000000', 1, 1, 1, 'http://ucenter.hfutonline.net/avatar.php?uid=72526', '2014-06-11 13:14:48', '2014-06-11 13:17:07', '', 0, 2),
(72527, 'kohuu', '', NULL, NULL, 'hfutonline@163.com', '13800000000', 1, 1, 1, 'http://ucenter.hfutonline.net/avatar.php?uid=72527', '2014-06-11 16:11:25', '2014-06-11 16:14:54', '', 0, 2),
(72533, '玩笑话', '', NULL, NULL, 'hfutonline@163.com', '13800000000', 1, 1, 1, 'http://ucenter.hfutonline.net/avatar.php?uid=72533', '2014-06-11 17:19:20', '2014-06-11 17:26:44', '', 0, 2),
(72538, '云卷云舒', '', NULL, NULL, 'hfutonline@163.com', '13800000000', 1, 1, 1, 'http://ucenter.hfutonline.net/avatar.php?uid=72538', '2014-06-11 20:07:42', '2014-06-11 20:08:30', '', 0, 2),
(72543, 'coffiee', '', NULL, NULL, 'hfutonline@163.com', '15205694315', 1, 1, 1, 'http://ucenter.hfutonline.net/avatar.php?uid=72543', '2014-06-12 00:11:28', '2014-06-12 00:13:50', '', 0, 2),
(72549, '流水细如愁', '', NULL, NULL, 'hfutonline@163.com', '13800000000', 1, 1, 1, 'http://ucenter.hfutonline.net/avatar.php?uid=72549', '2014-06-12 12:46:00', '2014-06-12 12:50:17', '', 0, 2),
(58264, '初成小丸子', '', NULL, NULL, 'hfutonline@163.com', '13800000000', 1, 1, 1, 'http://ucenter.hfutonline.net/avatar.php?uid=58264', '2014-06-12 19:03:21', '2014-06-13 01:08:41', '', 0, 2),
(54610, '20100241', '', NULL, NULL, 'hfutonline@163.com', '13800000000', 1, 1, 1, 'http://ucenter.hfutonline.net/avatar.php?uid=54610', '2014-06-12 20:00:59', '2014-06-13 13:59:33', '', 0, 2),
(62297, 'porscheGT', '', NULL, NULL, 'hfutonline@163.com', '15656089961', 1, 1, 1, 'http://ucenter.hfutonline.net/avatar.php?uid=62297', '2014-06-13 23:53:22', '2014-06-14 00:03:16', '', 0, 2),
(67213, '小盒子', '', NULL, NULL, 'hfutonline@163.com', '15156088214', 1, 1, 1, 'http://ucenter.hfutonline.net/avatar.php?uid=67213', '2014-06-14 10:32:03', '2014-06-14 23:43:27', '', 0, 2),
(69678, '20114323', '', NULL, NULL, 'hfutonline@163.com', '18855121495', 1, 1, 1, 'http://ucenter.hfutonline.net/avatar.php?uid=69678', '2014-06-14 12:37:22', '2014-06-14 12:42:35', '', 0, 2),
(72613, '2557980024', '', NULL, NULL, 'hfutonline@163.com', '13800000000', 1, 1, 1, 'http://ucenter.hfutonline.net/avatar.php?uid=72613', '2014-06-15 20:05:37', '2014-06-15 20:05:43', '', 0, 2),
(68974, '魏龙', '', NULL, NULL, 'hfutonline@163.com', '13800000000', 1, 1, 1, 'http://ucenter.hfutonline.net/avatar.php?uid=68974', '2014-06-16 10:25:47', '2014-06-16 10:26:27', '', 0, 2),
(72628, '鸿烈', '', NULL, NULL, 'hfutonline@163.com', '13800000000', 1, 1, 1, 'http://ucenter.hfutonline.net/avatar.php?uid=72628', '2014-06-16 10:47:51', '2014-06-16 10:48:03', '', 0, 2),
(71064, 'Dongriyg', '', NULL, NULL, 'hfutonline@163.com', '13800000000', 1, 1, 1, 'http://ucenter.hfutonline.net/avatar.php?uid=71064', '2014-06-16 12:25:54', '2014-06-16 12:25:54', '', 0, 2),
(72642, 'cxz2512397833', '', NULL, NULL, 'hfutonline@163.com', '13800000000', 1, 1, 1, 'http://ucenter.hfutonline.net/avatar.php?uid=72642', '2014-06-17 11:32:02', '2014-06-17 11:34:01', '', 0, 2),
(72646, '54可乐儿', '', NULL, NULL, 'hfutonline@163.com', '18756059301', 1, 1, 1, 'http://ucenter.hfutonline.net/avatar.php?uid=72646', '2014-06-17 22:52:19', '2014-06-17 23:41:02', '', 0, 2),
(72649, 'rockszhang', '', NULL, NULL, 'hfutonline@163.com', '13800000000', 1, 1, 1, 'http://ucenter.hfutonline.net/avatar.php?uid=72649', '2014-06-18 00:10:00', '2014-06-23 14:31:35', '', 0, 2),
(65280, 'haima', '', NULL, NULL, 'hfutonline@163.com', '13800000000', 1, 1, 1, 'http://ucenter.hfutonline.net/avatar.php?uid=65280', '2014-06-18 10:39:21', '2014-06-18 10:39:21', '', 0, 2),
(72658, '很难很烦', '', NULL, NULL, 'hfutonline@163.com', '13800000000', 1, 1, 1, 'http://ucenter.hfutonline.net/avatar.php?uid=72658', '2014-06-18 19:02:37', '2014-06-18 19:08:47', '', 0, 2),
(71131, 'Hi.tang', '', NULL, NULL, 'hfutonline@163.com', '13800000000', 1, 1, 1, 'http://ucenter.hfutonline.net/avatar.php?uid=71131', '2014-06-22 12:31:12', '2014-06-22 12:33:37', '', 0, 2),
(72679, 'syser', '', NULL, NULL, 'hfutonline@163.com', '13800000000', 1, 1, 1, 'http://ucenter.hfutonline.net/avatar.php?uid=72679', '2014-06-22 14:58:08', '2014-06-22 15:01:33', '', 0, 2),
(72688, 'sby', '', NULL, NULL, 'hfutonline@163.com', '13800000000', 1, 1, 1, 'http://ucenter.hfutonline.net/avatar.php?uid=72688', '2014-06-23 16:40:52', '2014-06-23 16:46:18', '', 0, 2),
(72693, 'lixiaonanyeah', '', NULL, NULL, 'hfutonline@163.com', '18664569011', 1, 1, 1, 'http://ucenter.hfutonline.net/avatar.php?uid=72693', '2014-06-24 16:10:10', '2014-06-24 16:20:38', '', 0, 2),
(72696, 'lzh984294471', '', NULL, NULL, 'hfutonline@163.com', '13800000000', 1, 1, 1, 'http://ucenter.hfutonline.net/avatar.php?uid=72696', '2014-06-24 22:04:41', '2014-06-24 22:06:14', '', 0, 2),
(72713, 'liangfeng366', '', NULL, NULL, 'hfutonline@163.com', '13800000000', 1, 1, 1, 'http://ucenter.hfutonline.net/avatar.php?uid=72713', '2014-06-27 19:45:34', '2014-06-27 19:45:34', '', 0, 2),
(72716, '岚岚', '', NULL, NULL, 'hfutonline@163.com', '13800000000', 1, 1, 1, 'http://ucenter.hfutonline.net/avatar.php?uid=72716', '2014-06-27 23:04:36', '2014-06-27 23:08:44', '', 0, 2),
(72106, '硕仔', '', NULL, NULL, 'hfutonline@163.com', '13800000000', 1, 1, 1, 'http://ucenter.hfutonline.net/avatar.php?uid=72106', '2014-06-28 13:04:46', '2014-06-28 13:07:20', '', 0, 2),
(72724, '4657402456', '', NULL, NULL, 'hfutonline@163.com', '13135409824', 1, 1, 1, 'http://ucenter.hfutonline.net/avatar.php?uid=72724', '2014-06-29 11:14:19', '2014-06-29 16:23:25', '', 0, 2),
(48777, 'houjingrui', '', NULL, NULL, 'hfutonline@163.com', '13800000000', 1, 1, 1, 'http://ucenter.hfutonline.net/avatar.php?uid=48777', '2014-06-29 13:33:30', '2014-06-29 13:59:47', '', 0, 2),
(72734, '小阿衡', '', NULL, NULL, 'hfutonline@163.com', '13800000000', 1, 1, 1, 'http://ucenter.hfutonline.net/avatar.php?uid=72734', '2014-07-02 13:43:14', '2014-07-02 13:44:24', '', 0, 2),
(72735, 'hfut_glxy_nf', '', NULL, NULL, 'hfutonline@163.com', '13800000000', 1, 1, 1, 'http://ucenter.hfutonline.net/avatar.php?uid=72735', '2014-07-03 12:06:28', '2014-07-03 12:09:10', '', 0, 2),
(67569, 'TTLoveSS', '', NULL, NULL, 'hfutonline@163.com', '13800000000', 1, 1, 1, 'http://ucenter.hfutonline.net/avatar.php?uid=67569', '2014-07-04 14:25:40', '2014-10-08 16:56:29', '', 0, 2),
(72739, 'woshixiaolong', '', NULL, NULL, 'hfutonline@163.com', '13800000000', 1, 1, 1, 'http://ucenter.hfutonline.net/avatar.php?uid=72739', '2014-07-05 16:27:53', '2014-07-05 16:30:29', '', 0, 2),
(72747, 'xiaoyi', '', NULL, NULL, 'hfutonline@163.com', '13800000000', 1, 1, 1, 'http://ucenter.hfutonline.net/avatar.php?uid=72747', '2014-07-08 22:21:25', '2014-07-08 22:22:17', '', 0, 2),
(72754, '水晶恋', '', NULL, NULL, 'hfutonline@163.com', '13800000000', 1, 1, 1, 'http://ucenter.hfutonline.net/avatar.php?uid=72754', '2014-07-12 16:13:20', '2014-07-12 16:36:52', '', 0, 2),
(72304, '杨宇', '', NULL, NULL, 'hfutonline@163.com', '13800000000', 1, 1, 1, 'http://ucenter.hfutonline.net/avatar.php?uid=72304', '2014-07-15 20:06:39', '2014-07-15 20:39:55', '', 0, 2),
(72758, 'FEJISL', '', NULL, NULL, 'hfutonline@163.com', '13800000000', 1, 1, 1, 'http://ucenter.hfutonline.net/avatar.php?uid=72758', '2014-07-15 22:11:48', '2014-07-15 22:12:13', '', 0, 2),
(71483, 'hancong', '', NULL, NULL, 'hfutonline@163.com', '13800000000', 1, 1, 1, 'http://ucenter.hfutonline.net/avatar.php?uid=71483', '2014-07-21 12:24:14', '2014-07-21 12:24:22', '', 0, 2),
(27164, '这片土地', '', NULL, NULL, 'hfutonline@163.com', '13800000000', 1, 1, 1, 'http://ucenter.hfutonline.net/avatar.php?uid=27164', '2014-07-24 11:25:28', '2014-07-24 11:25:28', '', 0, 2),
(72775, 'yu20103818', '', NULL, NULL, 'hfutonline@163.com', '13800000000', 1, 1, 1, 'http://ucenter.hfutonline.net/avatar.php?uid=72775', '2014-07-24 11:29:31', '2014-07-24 11:31:03', '', 0, 2),
(72806, '石孙', '', NULL, NULL, 'hfutonline@163.com', '15256090927', 1, 1, 1, 'http://ucenter.hfutonline.net/avatar.php?uid=72806', '2014-08-13 11:45:12', '2014-08-13 11:50:04', '', 0, 2),
(72805, '尹贝贝', '', NULL, NULL, 'hfutonline@163.com', '13800000000', 1, 1, 1, 'http://ucenter.hfutonline.net/avatar.php?uid=72805', '2014-08-13 12:10:57', '2014-08-13 12:13:24', '', 0, 2),
(72808, 'xiang123', '', NULL, NULL, 'hfutonline@163.com', '13800000000', 1, 1, 1, 'http://ucenter.hfutonline.net/avatar.php?uid=72808', '2014-08-13 16:14:19', '2014-09-02 21:41:36', '', 0, 2),
(72810, 'asdfeeeea', '', NULL, NULL, 'hfutonline@163.com', '13800000000', 1, 1, 1, 'http://ucenter.hfutonline.net/avatar.php?uid=72810', '2014-08-14 12:21:29', '2014-08-14 12:21:44', '', 0, 2),
(72800, '白痴小白', '', NULL, NULL, 'hfutonline@163.com', '13800000000', 1, 1, 1, 'http://ucenter.hfutonline.net/avatar.php?uid=72800', '2014-08-17 22:22:45', '2014-08-17 22:22:45', '', 0, 2),
(59121, '黛色江山', '', NULL, NULL, 'hfutonline@163.com', '13966778481', 1, 1, 1, 'http://ucenter.hfutonline.net/avatar.php?uid=59121', '2014-08-21 13:15:32', '2014-08-21 13:17:02', '', 0, 2),
(72823, '洪雄军', '', NULL, NULL, 'hfutonline@163.com', '13800000000', 1, 1, 1, 'http://ucenter.hfutonline.net/avatar.php?uid=72823', '2014-08-24 13:14:21', '2014-08-24 13:14:37', '', 0, 2),
(72826, '起风了', '', NULL, NULL, 'hfutonline@163.com', '13800000000', 1, 1, 1, 'http://ucenter.hfutonline.net/avatar.php?uid=72826', '2014-08-24 19:53:37', '2014-08-24 19:53:42', '', 0, 2),
(72827, '大熊', '', NULL, NULL, 'hfutonline@163.com', '13800000000', 1, 1, 1, 'http://ucenter.hfutonline.net/avatar.php?uid=72827', '2014-08-26 10:08:17', '2014-08-26 10:08:32', '', 0, 2),
(39189, '墨韵', '', NULL, NULL, 'hfutonline@163.com', '13800000000', 1, 1, 1, 'http://ucenter.hfutonline.net/avatar.php?uid=39189', '2014-08-27 10:13:13', '2014-08-27 10:13:17', '', 0, 2),
(72833, '雷蝈蝈', '', NULL, NULL, 'hfutonline@163.com', '13800000000', 1, 1, 1, 'http://ucenter.hfutonline.net/avatar.php?uid=72833', '2014-08-30 13:07:27', '2014-08-30 13:07:27', '', 0, 2),
(72835, '无魂伤111', '', NULL, NULL, 'hfutonline@163.com', '13637059973', 1, 1, 1, 'http://ucenter.hfutonline.net/avatar.php?uid=72835', '2014-08-31 11:00:03', '2014-09-04 14:59:34', '', 0, 2),
(72836, '张俊峰', '', NULL, NULL, 'hfutonline@163.com', '13800000000', 1, 1, 1, 'http://ucenter.hfutonline.net/avatar.php?uid=72836', '2014-09-01 00:03:39', '2014-09-01 00:04:44', '', 0, 2),
(72840, 'wn314', '', NULL, NULL, 'hfutonline@163.com', '15656931993', 1, 1, 1, 'http://ucenter.hfutonline.net/avatar.php?uid=72840', '2014-09-02 14:21:35', '2014-10-03 22:51:43', '', 0, 2),
(72843, '执着追求', '', NULL, NULL, 'hfutonline@163.com', '13800000000', 1, 1, 1, 'http://ucenter.hfutonline.net/avatar.php?uid=72843', '2014-09-03 13:41:32', '2014-09-03 13:45:07', '', 0, 2),
(72846, '2013213558', '', NULL, NULL, 'hfutonline@163.com', '13800000000', 1, 1, 1, 'http://ucenter.hfutonline.net/avatar.php?uid=72846', '2014-09-06 16:49:37', '2014-09-17 21:47:04', '', 0, 2),
(72847, '2013213617', '', NULL, NULL, 'hfutonline@163.com', '13800000000', 1, 1, 1, 'http://ucenter.hfutonline.net/avatar.php?uid=72847', '2014-09-06 18:22:33', '2014-09-06 18:23:53', '', 0, 2),
(55847, 'yangzhiwei', '', NULL, NULL, 'hfutonline@163.com', '13800000000', 1, 1, 1, 'http://ucenter.hfutonline.net/avatar.php?uid=55847', '2014-09-11 20:22:49', '2014-09-11 20:24:28', '', 0, 2),
(72865, '沃沃123', '', NULL, NULL, 'hfutonline@163.com', '13800000000', 1, 1, 1, 'http://ucenter.hfutonline.net/avatar.php?uid=72865', '2014-09-11 23:50:17', '2014-09-11 23:50:37', '', 0, 2),
(72867, 'gtlmxia', '', NULL, NULL, 'hfutonline@163.com', '13800000000', 1, 1, 1, 'http://ucenter.hfutonline.net/avatar.php?uid=72867', '2014-09-12 05:49:14', '2014-09-12 05:50:39', '', 0, 2),
(72874, 'tcslyy', '', NULL, NULL, 'hfutonline@163.com', '13800000000', 1, 1, 1, 'http://ucenter.hfutonline.net/avatar.php?uid=72874', '2014-09-13 20:20:38', '2014-09-13 20:21:16', '', 0, 2),
(72728, 'mk531017', '', NULL, NULL, 'hfutonline@163.com', '13800000000', 1, 1, 1, 'http://ucenter.hfutonline.net/avatar.php?uid=72728', '2014-09-13 23:41:04', '2014-09-13 23:43:02', '', 0, 2);
INSERT INTO `user` (`user_id`, `user_name`, `pass`, `secret_question`, `secret_answer`, `mail`, `tel`, `sex`, `college`, `profession`, `face_path`, `reg_time`, `last_time`, `last_ip`, `login_times`, `state`) VALUES
(59967, '20111127', '', NULL, NULL, 'hfutonline@163.com', '13800000000', 1, 1, 1, 'http://ucenter.hfutonline.net/avatar.php?uid=59967', '2014-09-15 09:34:57', '2014-09-15 09:36:31', '', 0, 2),
(72888, '2013214935', '', NULL, NULL, 'hfutonline@163.com', '18326170862', 1, 1, 1, 'http://ucenter.hfutonline.net/avatar.php?uid=72888', '2014-09-15 11:42:56', '2014-09-15 11:46:44', '', 0, 2),
(72892, '一顾如是', '', NULL, NULL, 'hfutonline@163.com', '13800000000', 1, 1, 1, 'http://ucenter.hfutonline.net/avatar.php?uid=72892', '2014-09-15 14:00:24', '2014-09-15 14:04:06', '', 0, 2),
(72897, '泡沫Drew', '', NULL, NULL, 'hfutonline@163.com', '13800000000', 1, 1, 1, 'http://ucenter.hfutonline.net/avatar.php?uid=72897', '2014-09-15 20:18:04', '2014-09-15 20:19:53', '', 0, 2),
(72903, 'lyyy', '', NULL, NULL, 'hfutonline@163.com', '18133630652', 1, 1, 1, 'http://ucenter.hfutonline.net/avatar.php?uid=72903', '2014-09-16 13:51:59', '2014-09-16 14:03:36', '', 0, 2),
(72906, '凤求凰', '', NULL, NULL, 'hfutonline@163.com', '13800000000', 1, 1, 1, 'http://ucenter.hfutonline.net/avatar.php?uid=72906', '2014-09-16 19:19:01', '2014-09-16 19:20:25', '', 0, 2),
(72902, 'Rockie', '', NULL, NULL, 'hfutonline@163.com', '13800000000', 1, 1, 1, 'http://ucenter.hfutonline.net/avatar.php?uid=72902', '2014-09-16 20:03:17', '2014-09-16 20:12:49', '', 0, 2),
(72907, 'zouzili', '', NULL, NULL, 'hfutonline@163.com', '13800000000', 1, 1, 1, 'http://ucenter.hfutonline.net/avatar.php?uid=72907', '2014-09-16 22:04:04', '2014-09-16 22:19:22', '', 0, 2),
(72925, 'lvywn', '', NULL, NULL, 'hfutonline@163.com', '13800000000', 1, 1, 1, 'http://ucenter.hfutonline.net/avatar.php?uid=72925', '2014-09-20 07:31:37', '2014-09-20 07:31:53', '', 0, 2),
(72942, '2013210071', '', NULL, NULL, 'hfutonline@163.com', '13800000000', 1, 1, 1, 'http://ucenter.hfutonline.net/avatar.php?uid=72942', '2014-09-24 13:40:16', '2014-09-24 13:40:16', '', 0, 2),
(72944, '涂涂大文', '', NULL, NULL, 'hfutonline@163.com', '13800000000', 1, 1, 1, 'http://ucenter.hfutonline.net/avatar.php?uid=72944', '2014-09-24 17:17:10', '2014-09-24 17:21:15', '', 0, 2),
(63604, '万芬', '', NULL, NULL, 'hfutonline@163.com', '13800000000', 1, 1, 1, 'http://ucenter.hfutonline.net/avatar.php?uid=63604', '2014-09-24 19:19:11', '2015-01-01 16:15:22', '', 0, 2),
(72941, '012207145', '', NULL, NULL, 'hfutonline@163.com', '13800000000', 1, 1, 1, 'http://ucenter.hfutonline.net/avatar.php?uid=72941', '2014-09-24 22:04:01', '2014-09-25 13:46:36', '', 0, 2),
(72955, '赵方洲', '', NULL, NULL, 'hfutonline@163.com', '13800000000', 1, 1, 1, 'http://ucenter.hfutonline.net/avatar.php?uid=72955', '2014-09-27 19:50:06', '2014-09-27 19:50:06', '', 0, 2),
(72956, '暖暖的被融化', '', NULL, NULL, 'hfutonline@163.com', '13800000000', 1, 1, 1, 'http://ucenter.hfutonline.net/avatar.php?uid=72956', '2014-09-28 08:10:38', '2014-09-28 08:10:38', '', 0, 2),
(72959, 'matlap', '', NULL, NULL, 'hfutonline@163.com', '13800000000', 1, 1, 1, 'http://ucenter.hfutonline.net/avatar.php?uid=72959', '2014-09-28 18:32:35', '2014-09-28 18:35:26', '', 0, 2),
(73083, '枫叶的1234', '', NULL, NULL, 'hfutonline@163.com', '13800000000', 1, 1, 1, 'http://ucenter.hfutonline.net/avatar.php?uid=73083', '2014-10-11 20:49:55', '2014-10-11 20:51:06', '', 0, 2),
(73084, 'wangnaiwen', '', NULL, NULL, 'hfutonline@163.com', '13800000000', 1, 1, 1, 'http://ucenter.hfutonline.net/avatar.php?uid=73084', '2014-10-11 21:29:18', '2014-10-11 21:30:45', '', 0, 2),
(73104, '张宏伟', '', NULL, NULL, 'hfutonline@163.com', '13800000000', 1, 1, 1, 'http://ucenter.hfutonline.net/avatar.php?uid=73104', '2014-10-13 18:11:50', '2014-10-13 18:12:12', '', 0, 2),
(73124, 'xiaozong', '', NULL, NULL, 'hfutonline@163.com', '13800000000', 1, 1, 1, 'http://ucenter.hfutonline.net/avatar.php?uid=73124', '2014-10-14 23:42:29', '2014-10-18 21:33:39', '', 0, 2),
(73126, '陶守正', '', NULL, NULL, 'hfutonline@163.com', '13800000000', 1, 1, 1, 'http://ucenter.hfutonline.net/avatar.php?uid=73126', '2014-10-15 07:15:00', '2014-10-15 07:15:48', '', 0, 2),
(23170, 'huaxiangxiren', '', NULL, NULL, 'hfutonline@163.com', '13800000000', 1, 1, 1, 'http://ucenter.hfutonline.net/avatar.php?uid=23170', '2014-10-15 08:48:33', '2014-10-15 08:48:33', '', 0, 2),
(73132, 'sjf0115', '', NULL, NULL, 'hfutonline@163.com', '13800000000', 1, 1, 1, 'http://ucenter.hfutonline.net/avatar.php?uid=73132', '2014-10-16 14:52:01', '2014-10-16 14:53:53', '', 0, 2),
(73119, '吉12吉', '', NULL, NULL, 'hfutonline@163.com', '13800000000', 1, 1, 1, 'http://ucenter.hfutonline.net/avatar.php?uid=73119', '2014-10-16 17:35:07', '2014-10-16 17:40:54', '', 0, 2),
(73135, '花扶苏', '', NULL, NULL, 'hfutonline@163.com', '13800000000', 1, 1, 1, 'http://ucenter.hfutonline.net/avatar.php?uid=73135', '2014-10-16 22:44:40', '2014-10-16 22:44:40', '', 0, 2),
(73142, '624611439', '', NULL, NULL, 'hfutonline@163.com', '13800000000', 1, 1, 1, 'http://ucenter.hfutonline.net/avatar.php?uid=73142', '2014-10-19 22:36:43', '2014-10-19 22:38:19', '', 0, 2),
(73009, '为嘛行走', '', NULL, NULL, 'hfutonline@163.com', '13800000000', 1, 1, 1, 'http://ucenter.hfutonline.net/avatar.php?uid=73009', '2014-10-20 09:48:31', '2014-10-20 09:49:11', '', 0, 2),
(73148, '华2012', '', NULL, NULL, 'hfutonline@163.com', '13800000000', 1, 1, 1, 'http://ucenter.hfutonline.net/avatar.php?uid=73148', '2014-10-20 21:26:36', '2015-03-26 18:22:13', '', 0, 2),
(73151, '20116650', '', NULL, NULL, 'hfutonline@163.com', '18356050972', 1, 1, 1, 'http://ucenter.hfutonline.net/avatar.php?uid=73151', '2014-10-21 09:15:47', '2014-11-05 22:38:09', '', 0, 2),
(73158, 'cyxrq', '', NULL, NULL, 'hfutonline@163.com', '18687196250', 1, 1, 1, 'http://ucenter.hfutonline.net/avatar.php?uid=73158', '2014-10-23 16:39:59', '2014-10-28 11:02:56', '', 0, 2),
(73165, 'LOGIC', '', NULL, NULL, 'hfutonline@163.com', '13800000000', 1, 1, 1, 'http://ucenter.hfutonline.net/avatar.php?uid=73165', '2014-10-25 15:20:34', '2014-10-25 15:26:04', '', 0, 2),
(46225, '我的大学', '', NULL, NULL, 'hfutonline@163.com', '13800000000', 1, 1, 1, 'http://ucenter.hfutonline.net/avatar.php?uid=46225', '2014-10-27 10:35:14', '2014-10-27 10:35:14', '', 0, 2),
(73171, '天蝎热度', '', NULL, NULL, 'hfutonline@163.com', '13800000000', 1, 1, 1, 'http://ucenter.hfutonline.net/avatar.php?uid=73171', '2014-10-27 17:15:54', '2014-10-27 17:19:48', '', 0, 2),
(50267, '桃子同学', '', NULL, NULL, 'hfutonline@163.com', '13800000000', 1, 1, 1, 'http://ucenter.hfutonline.net/avatar.php?uid=50267', '2014-10-28 07:05:40', '2014-10-28 07:06:03', '', 0, 2),
(73181, '20111268', '', NULL, NULL, 'hfutonline@163.com', '15555413134', 1, 1, 1, 'http://ucenter.hfutonline.net/avatar.php?uid=73181', '2014-10-30 11:04:08', '2014-10-30 11:17:07', '', 0, 2),
(72950, 'zlb-test', '', NULL, NULL, 'hfutonline@163.com', '13800000000', 1, 1, 1, 'http://ucenter.hfutonline.net/avatar.php?uid=72950', '2014-11-01 15:50:58', '2014-11-01 15:50:58', '', 0, 2),
(73195, '此山不解此水语', '', NULL, NULL, 'hfutonline@163.com', '13800000000', 1, 1, 1, 'http://ucenter.hfutonline.net/avatar.php?uid=73195', '2014-11-02 21:16:56', '2014-11-02 21:21:26', '', 0, 2),
(62484, 'motto', '', NULL, NULL, 'hfutonline@163.com', '13800000000', 1, 1, 1, 'http://ucenter.hfutonline.net/avatar.php?uid=62484', '2014-11-03 22:31:11', '2014-11-03 22:35:23', '', 0, 2),
(73203, '林木森', '', NULL, NULL, 'hfutonline@163.com', '13800000000', 1, 1, 1, 'http://ucenter.hfutonline.net/avatar.php?uid=73203', '2014-11-05 07:35:20', '2014-11-05 07:35:20', '', 0, 2),
(73205, '陈笑坤', '', NULL, NULL, 'hfutonline@163.com', '13800000000', 1, 1, 1, 'http://ucenter.hfutonline.net/avatar.php?uid=73205', '2014-11-05 13:01:05', '2014-11-05 13:01:05', '', 0, 2),
(73207, '黑山猫', '', NULL, NULL, 'hfutonline@163.com', '13800000000', 1, 1, 1, 'http://ucenter.hfutonline.net/avatar.php?uid=73207', '2014-11-06 09:37:52', '2014-11-06 09:39:58', '', 0, 2),
(73218, '张天文', '', NULL, NULL, 'hfutonline@163.com', '13800000000', 1, 1, 1, 'http://ucenter.hfutonline.net/avatar.php?uid=73218', '2014-11-12 22:44:35', '2014-11-12 22:44:35', '', 0, 2),
(73221, '这一站，奈何', '', NULL, NULL, 'hfutonline@163.com', '13800000000', 1, 1, 1, 'http://ucenter.hfutonline.net/avatar.php?uid=73221', '2014-11-15 22:38:23', '2014-11-15 22:39:07', '', 0, 2),
(73189, 'yunduan', '', NULL, NULL, 'hfutonline@163.com', '13800000000', 1, 1, 1, 'http://ucenter.hfutonline.net/avatar.php?uid=73189', '2014-11-17 14:24:39', '2014-11-17 14:24:39', '', 0, 2),
(73243, '想入飞飞', '', NULL, NULL, 'hfutonline@163.com', '13800000000', 1, 1, 1, 'http://ucenter.hfutonline.net/avatar.php?uid=73243', '2014-11-21 22:59:11', '2014-11-21 23:01:34', '', 0, 2),
(73246, '蒋肇样', '', NULL, NULL, 'hfutonline@163.com', '13800000000', 1, 1, 1, 'http://ucenter.hfutonline.net/avatar.php?uid=73246', '2014-11-24 13:21:24', '2014-11-24 13:21:24', '', 0, 2),
(73253, '曹国旺', '', NULL, NULL, 'hfutonline@163.com', '13800000000', 1, 1, 1, 'http://ucenter.hfutonline.net/avatar.php?uid=73253', '2014-11-25 22:25:14', '2014-11-25 22:33:31', '', 0, 2),
(73257, '青颜11', '', NULL, NULL, 'hfutonline@163.com', '13800000000', 1, 1, 1, 'http://ucenter.hfutonline.net/avatar.php?uid=73257', '2014-11-28 08:47:59', '2014-12-10 16:22:38', '', 0, 2),
(73258, '2013211685', '', NULL, NULL, 'hfutonline@163.com', '13800000000', 1, 1, 1, 'http://ucenter.hfutonline.net/avatar.php?uid=73258', '2014-11-28 15:53:47', '2014-11-28 15:53:47', '', 0, 2),
(73259, '33860137', '', NULL, NULL, 'hfutonline@163.com', '13800000000', 1, 1, 1, 'http://ucenter.hfutonline.net/avatar.php?uid=73259', '2014-11-28 16:07:50', '2014-11-28 16:11:27', '', 0, 2),
(73263, 'seven_77', '', NULL, NULL, 'hfutonline@163.com', '13800000000', 1, 1, 1, 'http://ucenter.hfutonline.net/avatar.php?uid=73263', '2014-12-01 15:40:03', '2014-12-02 10:26:14', '', 0, 2),
(73267, '你猜或不睬', '', NULL, NULL, 'hfutonline@163.com', '15955161032', 1, 1, 1, 'http://ucenter.hfutonline.net/avatar.php?uid=73267', '2014-12-02 15:43:44', '2014-12-15 00:49:50', '', 0, 2),
(67695, '纪风流年', '', NULL, NULL, 'hfutonline@163.com', '18096635595', 1, 1, 1, 'http://ucenter.hfutonline.net/avatar.php?uid=67695', '2014-12-03 13:59:53', '2014-12-04 17:52:48', '', 0, 2),
(73268, '果粒读书', '', NULL, NULL, 'hfutonline@163.com', '15755189161', 1, 1, 1, 'http://ucenter.hfutonline.net/avatar.php?uid=73268', '2014-12-03 18:10:58', '2014-12-16 14:24:20', '', 0, 2),
(67702, 'zhouyou', '', NULL, NULL, 'hfutonline@163.com', '13800000000', 1, 1, 1, 'http://ucenter.hfutonline.net/avatar.php?uid=67702', '2014-12-03 22:34:14', '2014-12-03 22:36:58', '', 0, 2),
(70425, '20116022', '', NULL, NULL, 'hfutonline@163.com', '18788859644', 1, 1, 1, 'http://ucenter.hfutonline.net/avatar.php?uid=70425', '2014-12-04 10:09:12', '2014-12-04 10:45:26', '', 0, 2),
(72993, 'chenshuihong', '', NULL, NULL, 'hfutonline@163.com', '13800000000', 1, 1, 1, 'http://ucenter.hfutonline.net/avatar.php?uid=72993', '2014-12-04 15:40:57', '2014-12-04 15:44:43', '', 0, 2),
(64221, '544461334', '', NULL, NULL, 'hfutonline@163.com', '15256078806', 1, 1, 1, 'http://ucenter.hfutonline.net/avatar.php?uid=64221', '2014-12-04 23:55:17', '2014-12-05 00:27:18', '', 0, 2),
(73285, 'Messi', '', NULL, NULL, 'hfutonline@163.com', '13075589889', 1, 1, 1, 'http://ucenter.hfutonline.net/avatar.php?uid=73285', '2014-12-10 14:19:15', '2014-12-10 17:08:25', '', 0, 2),
(73287, '小小小新', '', NULL, NULL, 'hfutonline@163.com', '13800000000', 1, 1, 1, 'http://ucenter.hfutonline.net/avatar.php?uid=73287', '2014-12-11 13:25:03', '2014-12-11 13:35:20', '', 0, 2),
(73290, 'LRRRP', '', NULL, NULL, 'hfutonline@163.com', '13063216377', 1, 1, 1, 'http://ucenter.hfutonline.net/avatar.php?uid=73290', '2014-12-13 22:05:58', '2014-12-13 22:28:12', '', 0, 2),
(73291, '吃梨弟兄', '', NULL, NULL, 'hfutonline@163.com', '13800000000', 1, 1, 1, 'http://ucenter.hfutonline.net/avatar.php?uid=73291', '2014-12-13 23:32:05', '2014-12-13 23:37:11', '', 0, 2),
(73292, '13855655427', '', NULL, NULL, 'hfutonline@163.com', '13855655427', 1, 1, 1, 'http://ucenter.hfutonline.net/avatar.php?uid=73292', '2014-12-14 13:37:15', '2014-12-16 15:57:25', '', 0, 2),
(73299, 'prettygirl', '', NULL, NULL, 'hfutonline@163.com', '13800000000', 1, 1, 1, 'http://ucenter.hfutonline.net/avatar.php?uid=73299', '2014-12-15 16:13:33', '2014-12-15 20:50:58', '', 0, 2),
(73350, '长脸小毛驴儿', '', NULL, NULL, 'hfutonline@163.com', '13800000000', 1, 1, 1, 'http://ucenter.hfutonline.net/avatar.php?uid=73350', '2014-12-30 10:28:22', '2014-12-30 10:28:22', '', 0, 2),
(73351, '卢雁航', '', NULL, NULL, 'hfutonline@163.com', '13800000000', 1, 1, 1, 'http://ucenter.hfutonline.net/avatar.php?uid=73351', '2014-12-30 13:45:27', '2014-12-30 13:52:14', '', 0, 2),
(73185, '侯松', '', NULL, NULL, 'hfutonline@163.com', '18255131443', 1, 1, 1, 'http://ucenter.hfutonline.net/avatar.php?uid=73185', '2014-12-31 08:44:47', '2014-12-31 08:46:17', '', 0, 2),
(73380, '木夏桔', '', NULL, NULL, 'hfutonline@163.com', '13800000000', 1, 1, 1, 'http://ucenter.hfutonline.net/avatar.php?uid=73380', '2015-01-17 21:21:22', '2015-01-17 21:21:31', '', 0, 2),
(73396, '羲客儿', '', NULL, NULL, 'hfutonline@163.com', '13800000000', 1, 1, 1, 'http://ucenter.hfutonline.net/avatar.php?uid=73396', '2015-02-03 16:02:08', '2015-02-03 16:04:31', '', 0, 2),
(66301, 'lbgzmhl', '', NULL, NULL, 'hfutonline@163.com', '13800000000', 1, 1, 1, 'http://ucenter.hfutonline.net/avatar.php?uid=66301', '2015-02-20 19:22:47', '2015-02-20 19:24:48', '', 0, 2),
(73361, '成霜', '', NULL, NULL, 'hfutonline@163.com', '13800000000', 1, 1, 1, 'http://ucenter.hfutonline.net/avatar.php?uid=73361', '2015-03-01 14:35:46', '2015-03-01 14:37:23', '', 0, 2),
(73403, '迈阿密34', '', NULL, NULL, 'hfutonline@163.com', '13033139913', 1, 1, 1, 'http://ucenter.hfutonline.net/avatar.php?uid=73403', '2015-03-01 15:45:59', '2015-03-01 15:48:43', '', 0, 2),
(66796, 'Hchao', '', NULL, NULL, 'hfutonline@163.com', '13800000000', 1, 1, 1, 'http://ucenter.hfutonline.net/avatar.php?uid=66796', '2015-03-04 14:36:34', '2015-03-04 14:40:18', '', 0, 2),
(73417, 'Vernon', '', NULL, NULL, 'hfutonline@163.com', '13800000000', 1, 1, 1, 'http://ucenter.hfutonline.net/avatar.php?uid=73417', '2015-03-05 19:12:37', '2015-03-05 19:12:37', '', 0, 2),
(66817, 'wyyyhfut', '', NULL, NULL, 'hfutonline@163.com', '13800000000', 1, 1, 1, 'http://ucenter.hfutonline.net/avatar.php?uid=66817', '2015-03-05 23:09:49', '2015-03-05 23:09:49', '', 0, 2),
(42656, '方玉杰', '', NULL, NULL, 'hfutonline@163.com', '13800000000', 1, 1, 1, 'http://ucenter.hfutonline.net/avatar.php?uid=42656', '2015-03-10 11:04:01', '2015-03-10 11:05:06', '', 0, 2),
(73429, '知圣', '', NULL, NULL, 'hfutonline@163.com', '13800000000', 1, 1, 1, 'http://ucenter.hfutonline.net/avatar.php?uid=73429', '2015-03-13 16:13:16', '2015-03-13 16:13:34', '', 0, 2),
(73437, '岚feng', '', NULL, NULL, 'hfutonline@163.com', '13800000000', 1, 1, 1, 'http://ucenter.hfutonline.net/avatar.php?uid=73437', '2015-03-14 18:53:10', '2015-03-14 18:53:10', '', 0, 2),
(73444, 'Ayla', '', NULL, NULL, 'hfutonline@163.com', '13800000000', 1, 1, 1, 'http://ucenter.hfutonline.net/avatar.php?uid=73444', '2015-03-16 01:02:36', '2015-03-16 01:02:36', '', 0, 2),
(73445, '一起飞翔', '', NULL, NULL, 'hfutonline@163.com', '13800000000', 1, 1, 1, 'http://ucenter.hfutonline.net/avatar.php?uid=73445', '2015-03-16 18:48:18', '2015-03-16 18:50:02', '', 0, 2),
(73454, '诸葛飒', '', NULL, NULL, 'hfutonline@163.com', '18225605878', 1, 1, 1, 'http://ucenter.hfutonline.net/avatar.php?uid=73454', '2015-03-21 11:37:59', '2015-03-21 11:41:28', '', 0, 2),
(73468, 'zhangf_1979', '', NULL, NULL, 'hfutonline@163.com', '13800000000', 1, 1, 1, 'http://ucenter.hfutonline.net/avatar.php?uid=73468', '2015-03-25 07:09:42', '2015-03-25 07:11:07', '', 0, 2),
(73480, 'GDXZ哈哈', '', NULL, NULL, 'hfutonline@163.com', '13800000000', 1, 1, 1, 'http://ucenter.hfutonline.net/avatar.php?uid=73480', '2015-04-01 21:52:54', '2015-04-01 21:53:52', '', 0, 2),
(73479, 'vetphanie', '', NULL, NULL, 'hfutonline@163.com', '13800000000', 1, 1, 1, 'http://ucenter.hfutonline.net/avatar.php?uid=73479', '2015-04-01 21:52:59', '2015-04-01 21:53:09', '', 0, 2),
(73484, 'sdfsdf', '', NULL, NULL, 'hfutonline@163.com', '13800000000', 1, 1, 1, 'http://ucenter.hfutonline.net/avatar.php?uid=73484', '2015-04-08 15:23:48', '2015-04-08 17:17:25', '', 0, 2),
(73110, 'xiaxia3664', '', NULL, NULL, 'hfutonline@163.com', '13800000000', 1, 1, 1, 'http://ucenter.hfutonline.net/avatar.php?uid=73110', '2015-04-11 01:33:11', '2015-04-11 01:33:11', '', 0, 2),
(73491, '2013217299', '', NULL, NULL, 'hfutonline@163.com', '18856315503', 1, 1, 1, 'http://ucenter.hfutonline.net/avatar.php?uid=73491', '2015-04-11 10:45:17', '2015-04-11 10:50:38', '', 0, 2),
(73492, '周巍', '', NULL, NULL, 'hfutonline@163.com', '13800000000', 1, 1, 1, 'http://ucenter.hfutonline.net/avatar.php?uid=73492', '2015-04-11 12:48:20', '2015-04-11 12:49:01', '', 0, 2),
(73503, '起点', '', NULL, NULL, 'hfutonline@163.com', '13800000000', 1, 1, 1, 'http://ucenter.hfutonline.net/avatar.php?uid=73503', '2015-04-16 12:33:25', '2015-04-16 13:00:32', '', 0, 2),
(65894, 'Yicyeyu', '', NULL, NULL, 'hfutonline@163.com', '13800000000', 1, 1, 1, 'http://ucenter.hfutonline.net/avatar.php?uid=65894', '2015-04-16 20:42:19', '2015-04-16 20:56:16', '', 0, 2),
(73517, '骑猪看海', '', NULL, NULL, 'hfutonline@163.com', '13800000000', 1, 1, 1, 'http://ucenter.hfutonline.net/avatar.php?uid=73517', '2015-04-23 21:25:33', '2015-04-23 21:28:00', '', 0, 2),
(73521, '四海兄弟', '', NULL, NULL, 'hfutonline@163.com', '13800000000', 1, 1, 1, 'http://ucenter.hfutonline.net/avatar.php?uid=73521', '2015-04-24 19:54:45', '2015-04-24 19:56:08', '', 0, 2),
(73522, 'jerryluo', '', NULL, NULL, 'hfutonline@163.com', '13800000000', 1, 1, 1, 'http://ucenter.hfutonline.net/avatar.php?uid=73522', '2015-04-25 11:50:24', '2015-04-25 14:49:37', '', 0, 2),
(73525, 'fhgsm123', '', NULL, NULL, 'hfutonline@163.com', '13800000000', 1, 1, 1, 'http://ucenter.hfutonline.net/avatar.php?uid=73525', '2015-04-27 15:17:35', '2015-04-27 15:17:51', '', 0, 2),
(73533, '艾薇晨', '', NULL, NULL, 'hfutonline@163.com', '13800000000', 1, 1, 1, 'http://ucenter.hfutonline.net/avatar.php?uid=73533', '2015-05-07 15:30:26', '2015-05-07 15:33:06', '', 0, 2),
(69143, 'tlxqd', '', NULL, NULL, 'hfutonline@163.com', '13800000000', 1, 1, 1, 'http://ucenter.hfutonline.net/avatar.php?uid=69143', '2015-05-09 10:18:37', '2015-05-09 10:20:04', '', 0, 2),
(68169, 'XIAOJIA', '', NULL, NULL, 'hfutonline@163.com', '13800000000', 1, 1, 1, 'http://ucenter.hfutonline.net/avatar.php?uid=68169', '2015-05-09 12:54:15', '2015-05-09 13:02:44', '', 0, 2);

-- --------------------------------------------------------

--
-- 表的结构 `visitor`
--

CREATE TABLE IF NOT EXISTS `visitor` (
  `vis_id` int(4) NOT NULL AUTO_INCREMENT COMMENT '访客表id',
  `uid` int(5) NOT NULL COMMENT '被访问者id',
  `guest_id` int(5) NOT NULL COMMENT '访问者id',
  `vis_time` datetime NOT NULL COMMENT '访问时间',
  PRIMARY KEY (`vis_id`)
) ENGINE=MyISAM  DEFAULT CHARSET=utf8 COLLATE=utf8_unicode_ci COMMENT='访客信息表' AUTO_INCREMENT=79 ;

--
-- 转存表中的数据 `visitor`
--

INSERT INTO `visitor` (`vis_id`, `uid`, `guest_id`, `vis_time`) VALUES
(1, 47923, 58023, '2013-07-12 20:27:20'),
(2, 47923, 58023, '2013-07-14 11:07:59'),
(3, 62877, 57254, '2013-07-15 19:23:48'),
(4, 60473, 57254, '2013-07-15 19:23:54'),
(5, 48974, 57254, '2013-07-15 20:08:41'),
(6, 50592, 57254, '2013-07-15 20:09:07'),
(7, 60473, 48974, '2013-07-15 21:20:37'),
(8, 62098, 57254, '2013-07-15 22:22:25'),
(9, 47923, 57254, '2013-07-15 22:23:51'),
(10, 62098, 48974, '2013-07-16 01:14:40'),
(11, 62181, 50592, '2013-07-16 16:49:07'),
(12, 62901, 48974, '2013-07-16 17:07:36'),
(13, 50592, 48974, '2013-07-16 17:09:17'),
(14, 62902, 48974, '2013-07-16 17:21:58'),
(15, 47923, 48974, '2013-07-16 17:31:51'),
(16, 48822, 50592, '2013-07-16 17:32:54'),
(17, 47675, 48974, '2013-07-16 19:25:10'),
(18, 48822, 57254, '2013-07-16 19:31:02'),
(19, 62902, 57254, '2013-07-16 20:21:51'),
(20, 48974, 57254, '2013-07-16 20:26:26'),
(21, 48822, 48974, '2013-07-16 20:37:55'),
(22, 60473, 44688, '2013-07-16 21:37:20'),
(23, 57254, 50592, '2013-07-16 21:51:05'),
(24, 62877, 50592, '2013-07-16 21:54:04'),
(25, 47675, 50592, '2013-07-16 22:03:39'),
(26, 62826, 48974, '2013-07-16 22:12:05'),
(27, 60552, 50592, '2013-07-16 22:21:23'),
(28, 62908, 50592, '2013-07-16 22:40:19'),
(29, 44688, 50592, '2013-07-16 22:47:14'),
(30, 62826, 50592, '2013-07-16 22:53:19'),
(31, 62181, 62910, '2013-07-16 23:06:06'),
(32, 62893, 62910, '2013-07-16 23:34:08'),
(33, 62909, 57254, '2013-07-16 23:45:19'),
(34, 47675, 57254, '2013-07-16 23:46:15'),
(35, 62917, 48974, '2013-07-17 15:38:35'),
(36, 57254, 47923, '2013-07-17 21:43:15'),
(37, 62927, 44138, '2013-07-20 20:09:33'),
(38, 44688, 48974, '2013-07-21 17:46:56'),
(39, 57254, 48974, '2013-07-21 17:47:13'),
(40, 44688, 57254, '2013-07-21 23:03:41'),
(41, 44138, 57254, '2013-07-21 23:21:56'),
(42, 57254, 55876, '2013-07-22 21:06:59'),
(43, 44138, 55876, '2013-07-22 21:08:21'),
(44, 55876, 57254, '2013-07-23 20:52:33'),
(45, 48974, 57254, '2013-07-23 20:52:37'),
(46, 62974, 57254, '2013-07-23 20:53:56'),
(47, 62885, 44138, '2013-07-27 19:41:12'),
(48, 60637, 63129, '2013-07-31 09:00:33'),
(49, 62826, 44138, '2013-08-06 19:08:51'),
(50, 50592, 63260, '2013-08-10 17:01:46'),
(51, 62774, 57254, '2013-08-11 15:12:45'),
(52, 60637, 57254, '2013-08-11 19:43:37'),
(53, 63264, 63298, '2013-08-15 10:43:45'),
(54, 57254, 63298, '2013-08-15 18:05:31'),
(55, 44688, 57254, '2013-08-23 12:39:36'),
(56, 62918, 53970, '2013-08-24 13:57:34'),
(57, 62927, 48974, '2013-08-25 01:09:35'),
(58, 48974, 53970, '2013-08-25 20:49:51'),
(59, 57254, 53970, '2013-08-25 20:50:04'),
(60, 53970, 48974, '2013-08-26 16:38:33'),
(61, 40477, 48974, '2013-08-26 17:02:04'),
(62, 60637, 63365, '2013-08-27 22:34:55'),
(63, 63365, 48974, '2013-08-27 22:49:14'),
(64, 53970, 48974, '2013-08-27 22:55:32'),
(65, 57254, 48974, '2013-08-27 22:55:39'),
(66, 60637, 63365, '2013-08-28 11:47:33'),
(67, 57254, 48974, '2013-08-28 13:13:50'),
(68, 60637, 50592, '2013-09-01 11:05:29'),
(69, 53970, 57254, '2013-09-02 09:55:27'),
(70, 57964, 57254, '2013-09-05 12:38:19'),
(71, 54783, 48974, '2013-09-07 20:52:07'),
(72, 63627, 63629, '2013-09-10 23:56:06'),
(73, 63600, 48974, '2013-09-10 23:59:57'),
(74, 63600, 48974, '2013-09-11 00:00:03'),
(75, 63627, 63629, '2013-09-11 00:00:39'),
(76, 63600, 63629, '2013-09-11 00:06:16'),
(77, 63629, 63665, '2013-09-12 18:33:09'),
(78, 63665, 50592, '2013-09-19 07:31:27');

/*!40101 SET CHARACTER_SET_CLIENT=@OLD_CHARACTER_SET_CLIENT */;
/*!40101 SET CHARACTER_SET_RESULTS=@OLD_CHARACTER_SET_RESULTS */;
/*!40101 SET COLLATION_CONNECTION=@OLD_COLLATION_CONNECTION */;
